market_id,macro_pillar,question,conditionId,slug,resolutionSource,endDate,startDate,image,icon,outcomes,outcomePrices,volume,active,closed,marketMakerAddress,createdAt,updatedAt,closedTime,new,featured,submitted_by,archived,resolvedBy,restricted,groupItemTitle,groupItemThreshold,questionID,umaEndDate,enableOrderBook,orderPriceMinTickSize,orderMinSize,umaResolutionStatus,volumeNum,hasReviewedDates,volume1wk,volume1mo,volume1yr,clobTokenIds,umaBond,umaReward,fpmmLive,volume1wkAmm,volume1moAmm,volume1yrAmm,volume1wkClob,volume1moClob,volume1yrClob,volumeClob,acceptingOrders,negRisk,ready,funded,cyom,pagerDutyNotificationEnabled,approved,clobRewards,rewardsMinSize,rewardsMaxSpread,spread,oneDayPriceChange,oneHourPriceChange,oneWeekPriceChange,oneMonthPriceChange,oneYearPriceChange,lastTradePrice,bestBid,bestAsk,clearBookOnStart,manualActivation,negRiskOther,umaResolutionStatuses,pendingDeployment,deploying,rfqEnabled,holdingRewardsEnabled,feesEnabled,requiresTranslation,feeType,total_volume,total_liquidity,endDateIso,startDateIso,acceptingOrdersTimestamp,automaticallyResolved,automaticallyActive,negRiskMarketID,negRiskRequestID,seriesColor,showGmpSeries,showGmpOutcome,gameStartTime,deployingTimestamp,customLiveness,liquidity,liquidityNum,liquidityAmm,liquidityClob,competitive,volume24hr,volume24hrClob,fee,marketType,updatedBy,wideFormat,sentDiscord,marketGroup,umaEndDateIso,readyForCron,commentsEnabled,secondsDelay,volumeAmm,creator,volume24hrAmm,makerBaseFee,takerBaseFee,notificationsEnabled,feeSchedule,category
526833,GDP_GROWTH,Will U.S. GDP growth be between 1% and 0% in Q1 2025?,0x7aaef4800c8b05472367f57ad830b80a6d17066dfbb185e3938cc28e1b41ff53,us-gdp-growth-in-q1-2025,,2025-04-30,2025-03-04T17:14:54.828202Z,,,"[""Yes"", ""No""]","[""0"", ""1""]",80448.13308,True,True,,2025-03-04T16:56:34.625435Z,2025-05-01T16:20:34.105271Z,2025-04-30 17:18:14+00,False,False,0x91430CaD2d3975766499717fA0D66A78D814E5c5,False,0x2F5e3684cb1F318ec51b00Edba38d79Ac2c0aA9d,True,1% - 0%,2,0x4b0dd9cd9380d5f99bf0009a13b59e94ed82177ebccd21eea5366440a7fb7802,2025-04-30T17:18:14Z,True,0.001,5,resolved,80448.13308,True,30689.36373000001,67989.25469899998,80448.13308,"[""55596074298199271985305200460461737258363932660394912787890724100977178094588"", ""53864537276825186976120072697523449952954818811017389115772532055901138350915""]",500.0,5.0,,,,,30689.36373000001,67989.25469899998,80448.13308,80448.13308,False,True,False,False,False,False,True,,20,3.5,0.001,-0.1495,,-0.4445,-0.2445,,1.0,,0.001,True,False,False,"[""proposed"", ""resolved""]",False,False,False,False,False,False,,80448.13308,0.0,2025-04-30,2025-03-04,2025-03-04T17:13:46Z,True,True,0x4b0dd9cd9380d5f99bf0009a13b59e94ed82177ebccd21eea5366440a7fb7800,0x404bf7e6a579925a36a32ef1ec6e821e535fa6f0bae74da1a3b6b6bc14aff372,,False,False,,,,,,,,,,,,,,,,,,,,,,,,,,,,GDP_QUARTERLY
526832,GDP_GROWTH,Will U.S. GDP growth be between 2% and 1% in Q1 2025?,0xb14bbfde1f4fc2b37b16e0814f435e983fe971aa7a5f897693d828dba3fb6917,us-gdp-growth-in-q1-2025,,2025-04-30,2025-03-04T17:14:08.837134Z,,,"[""Yes"", ""No""]","[""0"", ""1""]",92949.409877,True,True,,2025-03-04T16:56:34.27517Z,2025-05-02T00:22:34.364429Z,2025-04-30 17:18:18+00,False,False,0x91430CaD2d3975766499717fA0D66A78D814E5c5,False,0x2F5e3684cb1F318ec51b00Edba38d79Ac2c0aA9d,True,2% - 1%,1,0x4b0dd9cd9380d5f99bf0009a13b59e94ed82177ebccd21eea5366440a7fb7801,2025-04-30T17:18:18Z,True,0.001,5,resolved,92949.409877,True,31440.95895599999,76761.595122,92949.409877,"[""4177823317276762907725150501516012098729910922296855501022008386506967954193"", ""55475924097218767691878688792295596155985793893102196188820748328386689614521""]",500.0,5.0,,,,,31440.95895599999,76761.595122,92949.409877,92949.409877,False,True,False,False,False,False,True,,20,3.5,0.001,-0.0945,,-0.1745,-0.2395,,1.0,,0.001,True,False,False,"[""proposed"", ""resolved""]",False,False,False,False,False,False,,92949.409877,0.0,2025-04-30,2025-03-04,2025-03-04T17:12:28Z,True,True,0x4b0dd9cd9380d5f99bf0009a13b59e94ed82177ebccd21eea5366440a7fb7800,0x1172d6bb5aed954f9d374756b6c2c1ce4310e8903c195bebcbad5cb6d303a002,,False,False,,,,,,,,,,,,,,,,,,,,,,,,,,,,GDP_QUARTERLY
526831,GDP_GROWTH,Will U.S. GDP growth be greater than 2% in Q1 2025?,0xb93d06094398583af003c0f2b3319e4cf2f080fb1e304aadfccbc870600751e0,us-gdp-growth-in-q1-2025,,2025-04-30,2025-03-04T17:13:44.938314Z,,,"[""Yes"", ""No""]","[""0"", ""1""]",99755.99141,True,True,,2025-03-04T16:56:33.765104Z,2025-05-01T16:20:34.079669Z,2025-04-30 17:18:18+00,False,False,0x91430CaD2d3975766499717fA0D66A78D814E5c5,False,0x2F5e3684cb1F318ec51b00Edba38d79Ac2c0aA9d,True,>2%,0,0x4b0dd9cd9380d5f99bf0009a13b59e94ed82177ebccd21eea5366440a7fb7800,2025-04-30T17:18:18Z,True,0.001,5,resolved,99755.99141,True,38983.45416800001,79670.19252300002,99755.99141000002,"[""71909278353124916267737117046527293852607983611227311183269026331693808454218"", ""62566693965025623495264329625426641692129320547907655518154518104042379009989""]",500.0,5.0,,,,,38983.45416800001,79670.19252300002,99755.99141000002,99755.99141,False,True,False,False,False,False,True,,20,3.5,0.001,-0.0445,,-0.093,-0.0945,,1.0,,0.001,True,False,False,"[""proposed"", ""resolved""]",False,False,False,False,False,False,,99755.99141,0.0,2025-04-30,2025-03-04,2025-03-04T17:12:06Z,True,True,0x4b0dd9cd9380d5f99bf0009a13b59e94ed82177ebccd21eea5366440a7fb7800,0x664b30a4ae9f59fa293519a8ae9d87fa5fea54aa2460b69bc4a200f3171b3675,,False,False,,,,,,,,,,,,,,,,,,,,,,,,,,,,GDP_QUARTERLY
526834,GDP_GROWTH,Will U.S. GDP growth be between 0% and -1% in Q1 2025?,0x2ea580218093cbe4cd95c808920c4d5749683253d5ce452e8df7dbaf1faac224,us-gdp-growth-in-q1-2025,,2025-04-30,2025-03-04T17:15:24.984158Z,,,"[""Yes"", ""No""]","[""1"", ""0""]",74108.127123,True,True,,2025-03-04T16:56:35.053665Z,2025-05-02T00:22:34.831311Z,2025-04-30 17:18:16+00,False,False,0x91430CaD2d3975766499717fA0D66A78D814E5c5,False,0x2F5e3684cb1F318ec51b00Edba38d79Ac2c0aA9d,True,0% - (-1%),3,0x4b0dd9cd9380d5f99bf0009a13b59e94ed82177ebccd21eea5366440a7fb7803,2025-04-30T17:18:16Z,True,0.001,5,resolved,74108.127123,True,25735.47895300001,50639.397187,74108.127123,"[""27106151707930931052959874697308512654778909464122189550271900351819241356101"", ""113306687013421453951560693556685913785982988558098815734447806767172274744881""]",500.0,5.0,,,,,25735.47895300001,50639.397187,74108.127123,74108.127123,False,True,False,False,False,False,True,,20,3.5,0.001,0.8445,,0.8695,0.7645,,1.0,0.999,1.0,True,False,False,"[""proposed"", ""resolved""]",False,False,False,False,False,False,,74108.127123,0.0,2025-04-30,2025-03-04,2025-03-04T17:14:16Z,True,True,0x4b0dd9cd9380d5f99bf0009a13b59e94ed82177ebccd21eea5366440a7fb7800,0x6ba9894205f449d343132cfb9db61c3ae4a0b8f77156f1b703ae27c661796900,,False,False,,,,,,,,,,,,,,,,,,,,,,,,,,,,GDP_QUARTERLY
526835,GDP_GROWTH,Will U.S. GDP growth be between -1% and -2% in Q1 2025?,0x9e56ea69b66119a0d9912ccb6f36df86541486d9ab68b90548b9f795c5b3eb74,us-gdp-growth-in-q1-2025,,2025-04-30,2025-03-04T17:15:44.1679Z,,,"[""Yes"", ""No""]","[""0"", ""1""]",80917.712504,True,True,,2025-03-04T16:56:35.413253Z,2025-05-01T16:20:33.941989Z,2025-04-30 17:18:16+00,False,False,0x91430CaD2d3975766499717fA0D66A78D814E5c5,False,0x2F5e3684cb1F318ec51b00Edba38d79Ac2c0aA9d,True,-1% - (-2%),4,0x4b0dd9cd9380d5f99bf0009a13b59e94ed82177ebccd21eea5366440a7fb7804,2025-04-30T17:18:16Z,True,0.001,5,resolved,80917.712504,True,21820.382921,52178.941824,80917.71250399998,"[""6186415556533433032986186038765651326685095003400859613864272546046726812111"", ""13173751438178280696186957586593921186029094395370222703856774715324548809993""]",500.0,5.0,,,,,21820.382921,52178.941824,80917.71250399998,80917.712504,False,True,False,False,False,False,True,,20,3.5,0.001,-0.435,,-0.082,-0.1045,,1.0,,0.001,True,False,False,"[""proposed"", ""resolved""]",False,False,False,False,False,False,,80917.712504,0.0,2025-04-30,2025-03-04,2025-03-04T17:14:36Z,True,True,0x4b0dd9cd9380d5f99bf0009a13b59e94ed82177ebccd21eea5366440a7fb7800,0x9f11f80f43816cb195b2bd66c08b8cd3b1631cdd0a4c6cc1e3b3a00bfdf5ef36,,False,False,,,,,,,,,,,,,,,,,,,,,,,,,,,,GDP_QUARTERLY
526836,GDP_GROWTH,Will U.S. GDP growth be less than -2% in Q1 2025?,0x8f06703f4da804562fcf06cb66586b085c1481e0de836bcc244d2d4c30076428,us-gdp-growth-in-q1-2025,,2025-04-30,2025-03-04T17:15:53.897302Z,,,"[""Yes"", ""No""]","[""0"", ""1""]",162013.207461,True,True,,2025-03-04T16:56:35.748233Z,2025-05-01T16:20:34.124695Z,2025-04-30 17:18:20+00,False,False,0x91430CaD2d3975766499717fA0D66A78D814E5c5,False,0x2F5e3684cb1F318ec51b00Edba38d79Ac2c0aA9d,True,<-2%,5,0x4b0dd9cd9380d5f99bf0009a13b59e94ed82177ebccd21eea5366440a7fb7805,2025-04-30T17:18:20Z,True,0.001,5,resolved,162013.207461,True,42029.680735,109446.07852799995,162013.20746099993,"[""13155093818175202444360527925334190018613932058843989126713305952244158629050"", ""76006189013675324707012205250647039159293794374708342088949183026594680124438""]",500.0,5.0,,,,,42029.680735,109446.07852799995,162013.20746099993,162013.207461,False,True,False,False,False,False,True,,20,3.5,0.001,-0.116,,-0.0625,-0.074,,1.0,,0.001,True,False,False,"[""proposed"", ""resolved""]",False,False,False,False,False,False,,162013.207461,0.0,2025-04-30,2025-03-04,2025-03-04T17:14:46Z,True,True,0x4b0dd9cd9380d5f99bf0009a13b59e94ed82177ebccd21eea5366440a7fb7800,0x61fc84053e581123082af19cd6d0b6bd52feefa7c50638e158d874cdf36286ea,,False,False,,,,,,,,,,,,,,,,,,,,,,,,,,,,GDP_QUARTERLY
540472,GDP_GROWTH,Will US GDP growth in Q2 2025 be greater than 2%?,0x52dde4a6bf4493e06461504e2651dc090b0e11bcdc6d486f727b0272d8e8880e,us-gdp-growth-in-q2-2025,,2025-06-30,2025-04-30T20:17:50.971422Z,https://polymarket-upload.s3.us-east-2.amazonaws.com/bea.png,https://polymarket-upload.s3.us-east-2.amazonaws.com/bea.png,"[""Yes"", ""No""]","[""1"", ""0""]",586031.718861,True,True,,2025-04-30T19:49:18.299878Z,2025-08-01T00:49:56.073935Z,2025-07-30 17:48:07+00,False,False,0x91430CaD2d3975766499717fA0D66A78D814E5c5,False,0x2F5e3684cb1F318ec51b00Edba38d79Ac2c0aA9d,True,>2%,0,0x0eec90497327afa927e68bddf211d07773ce05ee1f1bd7bc76efaf2449009800,2025-07-30T17:48:07Z,True,0.001,5,resolved,586031.718861,True,59957.742981,162228.98545699997,586031.7188609984,"[""74224518749811314301285135687839324392485461011072658977862741818030430857562"", ""82013943536347757073634190902922424052281140663282123243721506529069855164482""]",500.0,5.0,,,,,59957.742981,162228.98545699997,586031.7188609984,586031.718861,False,True,False,False,False,False,True,"[{'id': '22358', 'conditionId': '0x52dde4a6bf4493e06461504e2651dc090b0e11bcdc6d486f727b0272d8e8880e', 'assetAddress': '0x2791Bca1f2de4661ED88A30C99A7a9449Aa84174', 'rewardsAmount': 0, 'rewardsDailyRate': 5, 'startDate': '2025-04-30', 'endDate': '2500-12-31'}]",100,3.5,0.001,0.1045,,0.1845,0.3345,,1.0,0.999,1.0,True,False,False,"[""proposed"", ""resolved""]",False,False,False,False,False,False,,586031.718861,0.0,2025-06-30,2025-04-30,2025-04-30T20:16:42Z,True,True,0x0eec90497327afa927e68bddf211d07773ce05ee1f1bd7bc76efaf2449009800,0x18a902daf6fdebce41071c3936ad184fe01d230e5038ccc4aa553c9c448f7fd6,,False,False,,2025-04-30T20:13:10.199399Z,,,,,,,,,,,,,,,,,,,,,,,,,,GDP_QUARTERLY
540473,GDP_GROWTH,Will US GDP growth in Q2 2025 be between 2% and 1%?,0x1567abf0b9cb1bde9fe5f148548fc33fa107861b6ad6c6248792ec4d50178805,us-gdp-growth-in-q2-2025,,2025-06-30,2025-04-30T20:18:31.400434Z,https://polymarket-upload.s3.us-east-2.amazonaws.com/bea.png,https://polymarket-upload.s3.us-east-2.amazonaws.com/bea.png,"[""Yes"", ""No""]","[""0"", ""1""]",221593.69101,True,True,,2025-04-30T19:49:19.024334Z,2025-07-31T16:40:50.736124Z,2025-07-30 17:49:05+00,False,False,0x91430CaD2d3975766499717fA0D66A78D814E5c5,False,0x2F5e3684cb1F318ec51b00Edba38d79Ac2c0aA9d,True,2-1%,1,0x0eec90497327afa927e68bddf211d07773ce05ee1f1bd7bc76efaf2449009801,2025-07-30T17:49:05Z,True,0.001,5,resolved,221593.69101,True,14505.165205,68494.11422899998,221593.69101,"[""66310149849193637449620117019218583210400479811435877977862163988057694550489"", ""58507403966292268534597329590271355540159770962288661184590984742044558273001""]",500.0,5.0,,,,,14505.165205,68494.11422899998,221593.69101,221593.69101,False,True,False,False,False,False,True,"[{'id': '22357', 'conditionId': '0x1567abf0b9cb1bde9fe5f148548fc33fa107861b6ad6c6248792ec4d50178805', 'assetAddress': '0x2791Bca1f2de4661ED88A30C99A7a9449Aa84174', 'rewardsAmount': 0, 'rewardsDailyRate': 5, 'startDate': '2025-04-30', 'endDate': '2500-12-31'}]",100,3.5,0.001,-0.0845,,-0.1445,-0.2645,,1.0,,0.001,True,False,False,"[""proposed"", ""resolved""]",False,False,False,False,False,False,,221593.69101,0.0,2025-06-30,2025-04-30,2025-04-30T20:17:22Z,True,True,0x0eec90497327afa927e68bddf211d07773ce05ee1f1bd7bc76efaf2449009800,0x8335b728396941976f4a5672fe1892c391c6b6d8454b4b7760d824342fb7989d,,False,False,,2025-04-30T20:13:10.201353Z,,,,,,,,,,,,,,,,,,,,,,,,,,GDP_QUARTERLY
540474,GDP_GROWTH,Will US GDP growth in Q2 2025 be between 1% and 0%?,0x7e964d8edfe37d013acc7ced33feb0bbbe55ac30847a74e9bf85b8e083dd49f3,us-gdp-growth-in-q2-2025,,2025-06-30,2025-04-30T20:18:51.661754Z,https://polymarket-upload.s3.us-east-2.amazonaws.com/bea.png,https://polymarket-upload.s3.us-east-2.amazonaws.com/bea.png,"[""Yes"", ""No""]","[""0"", ""1""]",303645.559549,True,True,,2025-04-30T19:49:19.779977Z,2025-07-31T16:40:50.737325Z,2025-07-30 17:51:07+00,False,False,0x91430CaD2d3975766499717fA0D66A78D814E5c5,False,0x2F5e3684cb1F318ec51b00Edba38d79Ac2c0aA9d,True,1-0%,2,0x0eec90497327afa927e68bddf211d07773ce05ee1f1bd7bc76efaf2449009802,2025-07-30T17:51:07Z,True,0.001,5,resolved,303645.559549,True,42733.891433,129339.15138799998,303645.5595489998,"[""57561562108130306263644825793548382313538070573502746212885872655955032166754"", ""48886753365266062066114483520981485495268984232547009207490446764484512674790""]",500.0,5.0,,,,,42733.891433,129339.15138799998,303645.5595489998,303645.559549,False,True,False,False,False,False,True,"[{'id': '22356', 'conditionId': '0x7e964d8edfe37d013acc7ced33feb0bbbe55ac30847a74e9bf85b8e083dd49f3', 'assetAddress': '0x2791Bca1f2de4661ED88A30C99A7a9449Aa84174', 'rewardsAmount': 0, 'rewardsDailyRate': 5, 'startDate': '2025-04-30', 'endDate': '2500-12-31'}]",100,3.5,0.001,-0.0145,,-0.0125,-0.0475,,1.0,,0.001,True,False,False,"[""proposed"", ""resolved""]",False,False,False,False,False,False,,303645.559549,0.0,2025-06-30,2025-04-30,2025-04-30T20:17:42Z,True,True,0x0eec90497327afa927e68bddf211d07773ce05ee1f1bd7bc76efaf2449009800,0x0ec9c7fcae7a52f2e8dfb86adc1fc8db3bfa148f6afa2b2717f05b87df09b6e5,,False,False,,2025-04-30T20:13:10.202564Z,,,,,,,,,,,,,,,,,,,,,,,,,,GDP_QUARTERLY
540475,GDP_GROWTH,Will US GDP growth in Q2 2025 be between 0% and -1%?,0x0077857a1825c2e441cb0d8e4259ed6d1ff97c68ea1d5b5dec16bb67182a5725,us-gdp-growth-in-q2-2025,,2025-06-30,2025-04-30T20:18:51.659216Z,https://polymarket-upload.s3.us-east-2.amazonaws.com/bea.png,https://polymarket-upload.s3.us-east-2.amazonaws.com/bea.png,"[""Yes"", ""No""]","[""0"", ""1""]",453181.221211,True,True,,2025-04-30T19:49:20.498031Z,2025-07-31T16:40:41.406713Z,2025-07-30 17:49:05+00,False,False,0x91430CaD2d3975766499717fA0D66A78D814E5c5,False,0x2F5e3684cb1F318ec51b00Edba38d79Ac2c0aA9d,True,0-(-1%),3,0x0eec90497327afa927e68bddf211d07773ce05ee1f1bd7bc76efaf2449009803,2025-07-30T17:49:05Z,True,0.001,5,resolved,453181.221211,True,37577.63883900001,244504.30783799992,453181.22121100005,"[""96202625653906430378867361689706212617229943283867429841741725604938858082826"", ""37636213609300526219596213164227943723332122770833255693719545739331941551340""]",500.0,5.0,,,,,37577.63883900001,244504.30783799992,453181.22121100005,453181.221211,False,True,False,False,False,False,True,"[{'id': '22355', 'conditionId': '0x0077857a1825c2e441cb0d8e4259ed6d1ff97c68ea1d5b5dec16bb67182a5725', 'assetAddress': '0x2791Bca1f2de4661ED88A30C99A7a9449Aa84174', 'rewardsAmount': 0, 'rewardsDailyRate': 2, 'startDate': '2025-04-30', 'endDate': '2500-12-31'}]",50,3.5,0.001,-0.0035,,-0.0045,-0.0115,,1.0,,0.001,True,False,False,"[""proposed"", ""resolved""]",False,False,False,False,False,False,,453181.221211,0.0,2025-06-30,2025-04-30,2025-04-30T20:17:42Z,True,True,0x0eec90497327afa927e68bddf211d07773ce05ee1f1bd7bc76efaf2449009800,0x2d92280a9cd207b4eb6cf6c62fc491fdf41ef9dae38aa49e31502c5b2f8d6c07,,False,False,,2025-04-30T20:13:10.203515Z,,,,,,,,,,,,,,,,,,,,,,,,,,GDP_QUARTERLY
540476,GDP_GROWTH,Will US GDP growth in Q2 2025 be between -1% and -2%?,0x056922c3d59d4bc1e9897635dba92a7bb9d49418b5ab3681aaeff3b96e996749,us-gdp-growth-in-q2-2025,,2025-06-30,2025-04-30T20:18:51.655713Z,https://polymarket-upload.s3.us-east-2.amazonaws.com/bea.png,https://polymarket-upload.s3.us-east-2.amazonaws.com/bea.png,"[""Yes"", ""No""]","[""0"", ""1""]",274453.259876,True,True,,2025-04-30T19:49:21.229586Z,2025-07-31T16:42:29.809299Z,2025-07-30 17:50:13+00,False,False,0x91430CaD2d3975766499717fA0D66A78D814E5c5,False,0x2F5e3684cb1F318ec51b00Edba38d79Ac2c0aA9d,True,-1-(-2%),4,0x0eec90497327afa927e68bddf211d07773ce05ee1f1bd7bc76efaf2449009804,2025-07-30T17:50:13Z,True,0.001,5,resolved,274453.259876,True,18144.591491,122203.87527099998,274453.259876,"[""10646203006551639975048739791165622578632745718982079337464219271455534930663"", ""7660056075145528638862142914829528479457738227414491195221257163147088499663""]",500.0,5.0,,,,,18144.591491,122203.87527099998,274453.259876,274453.259876,False,True,False,False,False,False,True,"[{'id': '30166', 'conditionId': '0x056922c3d59d4bc1e9897635dba92a7bb9d49418b5ab3681aaeff3b96e996749', 'assetAddress': '0x2791Bca1f2de4661ED88A30C99A7a9449Aa84174', 'rewardsAmount': 0, 'rewardsDailyRate': 1, 'startDate': '2025-07-29', 'endDate': '2500-12-31'}]",50,3.5,0.001,-0.002,,-0.002,-0.0115,,1.0,,0.001,True,False,False,"[""proposed"", ""resolved""]",False,False,False,False,False,False,,274453.259876,0.0,2025-06-30,2025-04-30,2025-04-30T20:17:44Z,True,True,0x0eec90497327afa927e68bddf211d07773ce05ee1f1bd7bc76efaf2449009800,0xbc3f6cd0ccfc9f7f1b260f93d36d462f40c1735e8606e94eb4b4645f9ee04566,,False,False,,2025-04-30T20:13:10.204551Z,,,,,,,,,,,,,,,,,,,,,,,,,,GDP_QUARTERLY
540477,GDP_GROWTH,Will US GDP growth in Q2 2025 be less than 2%?,0x67d0872435cb3ed0e7c135e24fdba3926477f78e603bc3dd9d4877095825a5f1,us-gdp-growth-in-q2-2025,,2025-06-30,2025-04-30T20:18:51.664503Z,https://polymarket-upload.s3.us-east-2.amazonaws.com/bea.png,https://polymarket-upload.s3.us-east-2.amazonaws.com/bea.png,"[""Yes"", ""No""]","[""0"", ""1""]",257405.343955,True,True,,2025-04-30T19:49:21.970956Z,2025-08-01T00:51:45.298986Z,2025-07-30 17:45:01+00,False,False,0x91430CaD2d3975766499717fA0D66A78D814E5c5,False,0x2F5e3684cb1F318ec51b00Edba38d79Ac2c0aA9d,True,<-2%,5,0x0eec90497327afa927e68bddf211d07773ce05ee1f1bd7bc76efaf2449009805,2025-07-30T17:45:01Z,True,0.001,5,resolved,257405.343955,True,9370.056981,117196.488594,257405.343955,"[""56318906529398229645379298427733885493908437465961300913191750862970164167"", ""11353666036096089411675876747457812215954338868252043778397740373935458953494""]",500.0,5.0,,,,,9370.056981,117196.488594,257405.343955,257405.343955,False,True,False,False,False,False,True,"[{'id': '30171', 'conditionId': '0x67d0872435cb3ed0e7c135e24fdba3926477f78e603bc3dd9d4877095825a5f1', 'assetAddress': '0x2791Bca1f2de4661ED88A30C99A7a9449Aa84174', 'rewardsAmount': 0, 'rewardsDailyRate': 1, 'startDate': '2025-07-29', 'endDate': '2500-12-31'}]",50,3.5,0.001,,,-0.002,-0.005,,1.0,,0.001,True,False,False,"[""proposed"", ""resolved""]",False,False,False,False,False,False,,257405.343955,0.0,2025-06-30,2025-04-30,2025-04-30T20:17:44Z,True,True,0x0eec90497327afa927e68bddf211d07773ce05ee1f1bd7bc76efaf2449009800,0xd2cf2f70a3073674bd723d2a526eb8d722d75400f70922bc321891cd1ba81e99,,False,False,,2025-04-30T20:13:10.205534Z,,,,,,,,,,,,,,,,,,,,,,,,,,GDP_QUARTERLY
569193,GDP_GROWTH,Will US GDP growth in Q2 2025 be less than 1.5%?,0xb7902810ee1c62b7b56afe9d601b51cee687383384a0e5876c74ac5ac1be836c,us-gdp-growth-in-q2-2025-945,,2025-07-30,2025-07-28T16:58:11.691026Z,https://polymarket-upload.s3.us-east-2.amazonaws.com/bea.png,https://polymarket-upload.s3.us-east-2.amazonaws.com/bea.png,"[""Yes"", ""No""]","[""0"", ""1""]",7060.40893,True,True,,2025-07-28T14:27:44.368834Z,2025-08-01T00:51:39.750055Z,2025-07-30 17:45:59+00,False,False,0x91430CaD2d3975766499717fA0D66A78D814E5c5,False,0x2F5e3684cb1F318ec51b00Edba38d79Ac2c0aA9d,True,<1.5%,0,0xd842cafe7f9d1f13ec590b5796e303d051f34614f0dc538a178c41cabadab500,2025-07-30T17:45:59Z,True,0.001,5,resolved,7060.40893,True,7060.408930000001,7060.408930000001,7060.408930000001,"[""100624552648754620049418826289755541912149894801272614372828020954593078594337"", ""101024816141491077070905952640333380094292903446277864256927196312793947468873""]",500.0,5.0,,,,,7060.408930000001,7060.408930000001,7060.408930000001,7060.40893,False,True,False,False,False,False,True,"[{'id': '30172', 'conditionId': '0xb7902810ee1c62b7b56afe9d601b51cee687383384a0e5876c74ac5ac1be836c', 'assetAddress': '0x2791Bca1f2de4661ED88A30C99A7a9449Aa84174', 'rewardsAmount': 0, 'rewardsDailyRate': 2, 'startDate': '2025-07-28', 'endDate': '2500-12-31'}]",100,3.5,0.001,-0.0305,,,,,1.0,,0.001,True,False,False,"[""proposed"", ""resolved""]",False,False,False,False,False,False,,7060.40893,0.0,2025-07-30,2025-07-28,2025-07-28T16:57:49Z,True,True,0xd842cafe7f9d1f13ec590b5796e303d051f34614f0dc538a178c41cabadab500,0x2be50b4634b1b43b746af7cd66c20283552786691f6099a0f8b05158ddaac0cd,,False,False,,2025-07-28T16:24:36.184788Z,0.0,,,,,,,,,,,,,,,,,,,,,,,,,GDP_QUARTERLY
569194,GDP_GROWTH,Will US GDP growth in Q2 2025 be between 1.5% and 2.0%?,0x101b66cbe17af9094d5607beecedb27c68545adf5f6e0692da3bbb8cf144b3ce,us-gdp-growth-in-q2-2025-945,,2025-07-30,2025-07-28T16:58:11.94378Z,https://polymarket-upload.s3.us-east-2.amazonaws.com/bea.png,https://polymarket-upload.s3.us-east-2.amazonaws.com/bea.png,"[""Yes"", ""No""]","[""0"", ""1""]",2641.340573,True,True,,2025-07-28T14:27:45.012843Z,2025-07-31T16:41:04.061138Z,2025-07-30 17:48:05+00,False,False,0x91430CaD2d3975766499717fA0D66A78D814E5c5,False,0x2F5e3684cb1F318ec51b00Edba38d79Ac2c0aA9d,True,1.5-2.0%,1,0xd842cafe7f9d1f13ec590b5796e303d051f34614f0dc538a178c41cabadab501,2025-07-30T17:48:05Z,True,0.001,5,resolved,2641.340573,True,2641.340573,2641.340573,2641.340573,"[""54859140880645917740390078234603767630239028077229524505739682112728721771906"", ""114690391891085173285695772050367837837128817991168933123759785979637015518209""]",500.0,5.0,,,,,2641.340573,2641.340573,2641.340573,2641.340573,False,True,False,False,False,False,True,"[{'id': '30167', 'conditionId': '0x101b66cbe17af9094d5607beecedb27c68545adf5f6e0692da3bbb8cf144b3ce', 'assetAddress': '0x2791Bca1f2de4661ED88A30C99A7a9449Aa84174', 'rewardsAmount': 0, 'rewardsDailyRate': 2, 'startDate': '2025-07-28', 'endDate': '2500-12-31'}]",100,3.5,0.001,-0.1345,,,,,1.0,,0.001,True,False,False,"[""proposed"", ""resolved""]",False,False,False,False,False,False,,2641.340573,0.0,2025-07-30,2025-07-28,2025-07-28T16:57:49Z,True,True,0xd842cafe7f9d1f13ec590b5796e303d051f34614f0dc538a178c41cabadab500,0xad981436c67bd58fc1d24d1d7216f6457d5166c33188040c0ea46b5574446ec4,,False,False,,2025-07-28T16:24:36.40045Z,0.0,,,,,,,,,,,,,,,,,,,,,,,,,GDP_QUARTERLY
569195,GDP_GROWTH,Will US GDP growth in Q2 2025 be between 2.0% and 2.5%?,0x512b20a4747757bbafb1882e1a02b8f004dfae5eec0bde6c3570a53b80988e61,us-gdp-growth-in-q2-2025-945,,2025-07-30,2025-07-28T16:58:12.195763Z,https://polymarket-upload.s3.us-east-2.amazonaws.com/bea.png,https://polymarket-upload.s3.us-east-2.amazonaws.com/bea.png,"[""Yes"", ""No""]","[""0"", ""1""]",2898.161192,True,True,,2025-07-28T14:27:45.657326Z,2025-07-31T16:40:57.400327Z,2025-07-30 17:53:59+00,False,False,0x91430CaD2d3975766499717fA0D66A78D814E5c5,False,0x2F5e3684cb1F318ec51b00Edba38d79Ac2c0aA9d,True,2.0-2.5%,2,0xd842cafe7f9d1f13ec590b5796e303d051f34614f0dc538a178c41cabadab502,2025-07-30T17:53:59Z,True,0.001,5,resolved,2898.161192,True,2898.161192,2898.161192,2898.161192,"[""111386064606794698175921004079851517952093287105075634757622775121519263914035"", ""18046061168365569593040342947920501571558365046078539496145117060739337636233""]",500.0,5.0,,,,,2898.161192,2898.161192,2898.161192,2898.161192,False,True,False,False,False,False,True,"[{'id': '30168', 'conditionId': '0x512b20a4747757bbafb1882e1a02b8f004dfae5eec0bde6c3570a53b80988e61', 'assetAddress': '0x2791Bca1f2de4661ED88A30C99A7a9449Aa84174', 'rewardsAmount': 0, 'rewardsDailyRate': 10, 'startDate': '2025-07-28', 'endDate': '2500-12-31'}]",100,3.5,0.001,-0.4795,,,,,1.0,,0.001,True,False,False,"[""proposed"", ""resolved""]",False,False,False,False,False,False,,2898.161192,0.0,2025-07-30,2025-07-28,2025-07-28T16:57:49Z,True,True,0xd842cafe7f9d1f13ec590b5796e303d051f34614f0dc538a178c41cabadab500,0x8d23e9bf66404998baf9d237d51ef829a9f05f5121791f977bafe0b30e22b51b,,False,False,,2025-07-28T16:24:36.559817Z,0.0,,,,,,,,,,,,,,,,,,,,,,,,,GDP_QUARTERLY
569196,GDP_GROWTH,Will US GDP growth in Q2 2025 be between 2.5% and 3.0%?,0xd8914135e95660d34c471c6787f8445227f90545f9c6d85be7a283460e3db1d5,us-gdp-growth-in-q2-2025-945,,2025-07-30,2025-07-28T16:58:14.913114Z,https://polymarket-upload.s3.us-east-2.amazonaws.com/bea.png,https://polymarket-upload.s3.us-east-2.amazonaws.com/bea.png,"[""Yes"", ""No""]","[""0"", ""1""]",3806.397422,True,True,,2025-07-28T14:27:46.332827Z,2025-08-01T00:52:32.427965Z,2025-07-30 17:53:05+00,False,False,0x91430CaD2d3975766499717fA0D66A78D814E5c5,False,0x2F5e3684cb1F318ec51b00Edba38d79Ac2c0aA9d,True,2.5-3.0%,3,0xd842cafe7f9d1f13ec590b5796e303d051f34614f0dc538a178c41cabadab503,2025-07-30T17:53:05Z,True,0.001,5,resolved,3806.397422,True,3806.397422000001,3806.397422000001,3806.397422000001,"[""38338892172992888623357251210461743745570728599704184431664638950963750620454"", ""32850103257832419185889937642669720963182929528673879477720833755656705390556""]",500.0,5.0,,,,,3806.397422000001,3806.397422000001,3806.397422000001,3806.397422,False,True,False,False,False,False,True,"[{'id': '30165', 'conditionId': '0xd8914135e95660d34c471c6787f8445227f90545f9c6d85be7a283460e3db1d5', 'assetAddress': '0x2791Bca1f2de4661ED88A30C99A7a9449Aa84174', 'rewardsAmount': 0, 'rewardsDailyRate': 20, 'startDate': '2025-07-28', 'endDate': '2500-12-31'}]",100,3.5,0.002,-0.2585,-0.0005,,,,1.0,,0.002,True,False,False,"[""proposed"", ""resolved""]",False,False,False,False,False,False,,3806.397422,0.0,2025-07-30,2025-07-28,2025-07-28T16:57:51Z,True,True,0xd842cafe7f9d1f13ec590b5796e303d051f34614f0dc538a178c41cabadab500,0x161c3f3995b457794b47a42245f2a6b72aea82888b22c80247b66f9592104c53,,False,False,,2025-07-28T16:24:36.685955Z,0.0,,,,,,,,,,,,,,,,,,,,,,,,,GDP_QUARTERLY
569197,GDP_GROWTH,Will US GDP growth in Q2 2025 be between 3.0% and 3.5%?,0x7037e9d87b1db5903dbd547ab9e4f8f580684c1b93e4940aea1d9ecbb18f5709,us-gdp-growth-in-q2-2025-945,,2025-07-30,2025-07-28T16:58:15.669973Z,https://polymarket-upload.s3.us-east-2.amazonaws.com/bea.png,https://polymarket-upload.s3.us-east-2.amazonaws.com/bea.png,"[""Yes"", ""No""]","[""1"", ""0""]",9786.617317,True,True,,2025-07-28T14:27:46.937902Z,2025-08-01T00:52:27.685012Z,2025-07-30 17:51:07+00,False,False,0x91430CaD2d3975766499717fA0D66A78D814E5c5,False,0x2F5e3684cb1F318ec51b00Edba38d79Ac2c0aA9d,True,3.0-3.5%,4,0xd842cafe7f9d1f13ec590b5796e303d051f34614f0dc538a178c41cabadab504,2025-07-30T17:51:07Z,True,0.001,5,resolved,9786.617317,True,9786.617317,9786.617317,9786.617317,"[""40028808445864754739151409239785191664479554682824493143654051860916699706336"", ""33613580722753957457866629961692550772971436322084014562821067269336667527671""]",500.0,5.0,,,,,9786.617317,9786.617317,9786.617317,9786.617317,False,True,False,False,False,False,True,"[{'id': '30170', 'conditionId': '0x7037e9d87b1db5903dbd547ab9e4f8f580684c1b93e4940aea1d9ecbb18f5709', 'assetAddress': '0x2791Bca1f2de4661ED88A30C99A7a9449Aa84174', 'rewardsAmount': 0, 'rewardsDailyRate': 10, 'startDate': '2025-07-28', 'endDate': '2500-12-31'}]",100,3.5,0.001,0.887,-0.001,,,,1.0,0.999,1.0,True,False,False,"[""proposed"", ""resolved""]",False,False,False,False,False,False,,9786.617317,0.0,2025-07-30,2025-07-28,2025-07-28T16:57:55Z,True,True,0xd842cafe7f9d1f13ec590b5796e303d051f34614f0dc538a178c41cabadab500,0x4e0cbbb55d977cbb4af6613953ffe20f20455a1ce32f7ba34ad98ecb54f25795,,False,False,,2025-07-28T16:24:36.747504Z,0.0,,,,,,,,,,,,,,,,,,,,,,,,,GDP_QUARTERLY
569198,GDP_GROWTH,Will US GDP growth in Q2 2025 be greater than 3.5%?,0xcd25bf1d98f51934e7452f11484a436db2975d91c5f2433787a016dffb804aea,us-gdp-growth-in-q2-2025-945,,2025-07-30,2025-07-28T16:58:14.660713Z,https://polymarket-upload.s3.us-east-2.amazonaws.com/bea.png,https://polymarket-upload.s3.us-east-2.amazonaws.com/bea.png,"[""Yes"", ""No""]","[""0"", ""1""]",92231.060623,True,True,,2025-07-28T14:27:47.719767Z,2025-08-16T16:44:41.38896Z,2025-08-15 20:01:44+00,False,False,0x91430CaD2d3975766499717fA0D66A78D814E5c5,False,0x2F5e3684cb1F318ec51b00Edba38d79Ac2c0aA9d,True,>3.5%,5,0xd842cafe7f9d1f13ec590b5796e303d051f34614f0dc538a178c41cabadab505,2025-08-15T20:01:44Z,True,0.001,5,resolved,92231.060623,True,50000.0,92231.06062299998,92231.06062299998,"[""19857033189099834795632309513644385748097712023372620166632359036109142354788"", ""12323160224644343010156209413255045144711571803872346572184360948756768739705""]",500.0,5.0,,,,,50000.0,92231.06062299998,92231.06062299998,92231.060623,False,True,False,False,False,False,True,,100,3.5,0.001,,,,,,1.0,,0.001,True,False,False,"[""resolved""]",False,False,False,False,False,False,,92231.060623,0.0,2025-07-30,2025-07-28,2025-07-28T16:57:55Z,True,True,0xd842cafe7f9d1f13ec590b5796e303d051f34614f0dc538a178c41cabadab500,0x211168fdfc621b17ee956f89d4df86fbc37005172c99291c2af5dd1b607305c6,,False,False,,2025-07-28T16:24:36.807054Z,0.0,,,,,,,,,,,,,,,,,,,,,,,,,GDP_QUARTERLY
570831,GDP_GROWTH,Will US GDP growth in Q3 2025 be less than 1.0%?,0xe19651304fdcf558a7b62dae8b8924b06a067f822e6ffaab5cb354b59652b106,us-gdp-growth-in-q3-2025,,2025-10-30,2025-08-01T17:43:32.357Z,https://polymarket-upload.s3.us-east-2.amazonaws.com/bea.png,https://polymarket-upload.s3.us-east-2.amazonaws.com/bea.png,"[""Yes"", ""No""]","[""0"", ""1""]",206529.777274,True,True,,2025-08-01T12:54:50.093337Z,2026-01-12T16:02:31.854626Z,2025-12-23 16:37:59+00,False,False,0x91430CaD2d3975766499717fA0D66A78D814E5c5,False,0x2F5e3684cb1F318ec51b00Edba38d79Ac2c0aA9d,True,<1.0%,0,0x1a401e1731ec809615245110fe930a10c766d2a93b6dc6ea7843b122f019ea00,2025-12-23T16:37:59Z,True,0.001,5,resolved,206529.777274,True,11779.649045,24882.328534,206529.777274,"[""79756197084902875974372518156349861528844462636347666563630807780369034250323"", ""32955382118847926332863196773734896943780631222991239752810449118543692280960""]",500.0,5.0,,,,,11779.649045,24882.328534,206529.777274,206529.777274,False,True,False,False,False,False,True,,100,3.5,0.001,0.0015,,-0.016,-0.0085,,1.0,,0.001,True,False,False,"[""proposed"", ""resolved""]",False,False,False,False,False,False,,206529.777274,0.0,2025-10-30,2025-08-01,2025-08-01T17:43:10Z,True,True,0x1a401e1731ec809615245110fe930a10c766d2a93b6dc6ea7843b122f019ea00,0xa95178bc5a689a3cd331be60e5e6acea0c66ba8d70f815944823b5e322e47c92,,False,False,2025-11-25 18:00:00+00,2025-08-01T17:41:59.554391Z,0.0,,,,,,,,,,,,,,,,,,,,,,,,,GDP_QUARTERLY
570832,GDP_GROWTH,Will US GDP growth in Q3 2025 be between 1.0% and 1.5%?,0xd36df08d015eee49b0ac966b4bc7641d885529925f4f179dc119ea9176e012f9,us-gdp-growth-in-q3-2025,,2025-10-30,2025-08-01T17:43:32.103Z,https://polymarket-upload.s3.us-east-2.amazonaws.com/bea.png,https://polymarket-upload.s3.us-east-2.amazonaws.com/bea.png,"[""Yes"", ""No""]","[""0"", ""1""]",113162.722777,True,True,,2025-08-01T12:54:50.695474Z,2026-01-19T15:26:41.269059Z,2025-12-23 16:39:01+00,False,False,0x91430CaD2d3975766499717fA0D66A78D814E5c5,False,0x2F5e3684cb1F318ec51b00Edba38d79Ac2c0aA9d,True,1.0–1.5%,1,0x1a401e1731ec809615245110fe930a10c766d2a93b6dc6ea7843b122f019ea01,2025-12-23T16:39:01Z,True,0.001,5,resolved,113162.722777,True,7055.542107000001,18034.631779000003,113162.72277700005,"[""100678833157560128049756251694929249304978176924662786522786770928748231538097"", ""69600311881537641491854681138385179096788521156335804512114507937809292554612""]",500.0,5.0,,,,,7055.542107000001,18034.631779000003,113162.72277700005,113162.722777,False,True,False,False,False,False,True,,100,3.5,0.001,0.001,,-0.0285,-0.0205,,1.0,,0.001,True,False,False,"[""proposed"", ""resolved""]",False,False,False,False,False,False,,113162.722777,0.0,2025-10-30,2025-08-01,2025-08-01T17:43:10Z,True,True,0x1a401e1731ec809615245110fe930a10c766d2a93b6dc6ea7843b122f019ea00,0xdada669c76dcc39737625b60641234e3c844748e0b4f47845f36224b56d11f18,,False,False,2025-11-25 18:00:00+00,2025-08-01T17:41:59.5573Z,0.0,,,,,,,,,,,,,,,,,,,,,,,,,GDP_QUARTERLY
570833,GDP_GROWTH,Will US GDP growth in Q3 2025 be between 1.5% and 2.0?,0xdca21a95c1eff6d9dd977d032aa2bec9877d96a725c04cf590613de43e6f6b30,us-gdp-growth-in-q3-2025,,2025-10-30,2025-08-01T17:43:34.012Z,https://polymarket-upload.s3.us-east-2.amazonaws.com/bea.png,https://polymarket-upload.s3.us-east-2.amazonaws.com/bea.png,"[""Yes"", ""No""]","[""0"", ""1""]",79795.066829,True,True,,2025-08-01T12:54:51.487246Z,2026-01-04T22:43:40.536225Z,2025-12-23 16:36:57+00,False,False,0x91430CaD2d3975766499717fA0D66A78D814E5c5,False,0x2F5e3684cb1F318ec51b00Edba38d79Ac2c0aA9d,True,1.5–2.0%,2,0x1a401e1731ec809615245110fe930a10c766d2a93b6dc6ea7843b122f019ea02,2025-12-23T16:36:57Z,True,0.001,5,resolved,79795.066829,True,3735.789653,17126.927353,79795.066829,"[""73331308386937789618568580311418017345110265134932966932072761698330355802454"", ""80477661214531999530208762850779065762756223166244148431909875666784473194367""]",500.0,5.0,,,,,3735.789653,17126.927353,79795.066829,79795.066829,False,True,False,False,False,False,True,,100,3.5,0.001,-0.008,,-0.0295,-0.034,,1.0,,0.001,True,False,False,"[""proposed"", ""resolved""]",False,False,False,False,False,False,,79795.066829,0.0,2025-10-30,2025-08-01,2025-08-01T17:43:12Z,True,True,0x1a401e1731ec809615245110fe930a10c766d2a93b6dc6ea7843b122f019ea00,0x0a7b0083479ff702948b9e0bedd5a1a184d34022e81816c689dcb59d4e7afeba,,False,False,2025-11-25 18:00:00+00,2025-08-01T17:41:59.558573Z,0.0,,,,,,,,,,,,,,,,,,,,,,,,,GDP_QUARTERLY
570834,GDP_GROWTH,Will US GDP growth in Q3 2025 be between 2.0% and 2.5%?,0x11a704215355775b2f71e6e957375a73c4a4892463f95865b1af853600abe737,us-gdp-growth-in-q3-2025,,2025-10-30,2025-08-01T17:43:36.392Z,https://polymarket-upload.s3.us-east-2.amazonaws.com/bea.png,https://polymarket-upload.s3.us-east-2.amazonaws.com/bea.png,"[""Yes"", ""No""]","[""0"", ""1""]",85883.111051,True,True,,2025-08-01T12:54:52.272159Z,2026-01-04T22:43:40.922726Z,2025-12-23 16:39:01+00,False,False,0x91430CaD2d3975766499717fA0D66A78D814E5c5,False,0x2F5e3684cb1F318ec51b00Edba38d79Ac2c0aA9d,True,2.0–2.5%,3,0x1a401e1731ec809615245110fe930a10c766d2a93b6dc6ea7843b122f019ea03,2025-12-23T16:39:01Z,True,0.001,5,resolved,85883.111051,True,6289.317937,14789.41114,85883.11105100001,"[""34099932636936296780581170908145896988355877946166705423254233255467566016023"", ""71199949736871593800760202850444155727525661986244515149199145486998266003203""]",500.0,5.0,,,,,6289.317937,14789.41114,85883.11105100001,85883.111051,False,True,False,False,False,False,True,,100,3.5,0.001,-0.002,,-0.0015,0.019,,1.0,,0.001,True,False,False,"[""proposed"", ""resolved""]",False,False,False,False,False,False,,85883.111051,0.0,2025-10-30,2025-08-01,2025-08-01T17:43:14Z,True,True,0x1a401e1731ec809615245110fe930a10c766d2a93b6dc6ea7843b122f019ea00,0x8875aaf425560db16559ea6dc61eb8bb3a103b48ab1626ac9072f696a184c472,,False,False,2025-11-25 18:00:00+00,2025-08-01T17:41:59.560533Z,0.0,,,,,,,,,,,,,,,,,,,,,,,,,GDP_QUARTERLY
570835,GDP_GROWTH,Will US GDP growth in Q3 2025 be between 2.5% and 3.0%?,0x0cd53c5a833fa34db56d219593c1e65bafd96ffa6b6067f6ebb69fadcf43b8b3,us-gdp-growth-in-q3-2025,,2025-10-30,2025-08-01T17:43:36.139Z,https://polymarket-upload.s3.us-east-2.amazonaws.com/bea.png,https://polymarket-upload.s3.us-east-2.amazonaws.com/bea.png,"[""Yes"", ""No""]","[""0"", ""1""]",74508.665216,True,True,,2025-08-01T12:54:52.958972Z,2026-01-12T16:02:33.255854Z,2025-12-23 16:39:01+00,False,False,0x91430CaD2d3975766499717fA0D66A78D814E5c5,False,0x2F5e3684cb1F318ec51b00Edba38d79Ac2c0aA9d,True,2.5–3.0%,4,0x1a401e1731ec809615245110fe930a10c766d2a93b6dc6ea7843b122f019ea04,2025-12-23T16:39:01Z,True,0.001,5,resolved,74508.665216,True,4756.589754,11378.286962000004,74508.66521600007,"[""42083095572497766353379054811299951263896978439575982595859812122606038826307"", ""65198536169941590612352972367622330945185797773573434995521330254717465081565""]",500.0,5.0,,,,,4756.589754,11378.286962000004,74508.66521600007,74508.665216,False,True,False,False,False,False,True,"[{'id': '30795', 'conditionId': '0x0cd53c5a833fa34db56d219593c1e65bafd96ffa6b6067f6ebb69fadcf43b8b3', 'assetAddress': '0x2791Bca1f2de4661ED88A30C99A7a9449Aa84174', 'rewardsAmount': 0, 'rewardsDailyRate': 2, 'startDate': '2025-08-05', 'endDate': '2500-12-31'}]",100,3.5,0.001,-0.002,,-0.051,0.0405,,1.0,,0.001,True,False,False,"[""proposed"", ""resolved""]",False,False,False,False,False,False,,74508.665216,0.0,2025-10-30,2025-08-01,2025-08-01T17:43:14Z,True,True,0x1a401e1731ec809615245110fe930a10c766d2a93b6dc6ea7843b122f019ea00,0xf4825df6ecf992d6902882a6832781ad3d8b999a69020e3fd72568caf7c28397,,False,False,2025-11-25 18:00:00+00,2025-08-01T17:41:59.562089Z,0.0,,,,,,,,,,,,,,,,,,,,,,,,,GDP_QUARTERLY
570836,GDP_GROWTH,Will US GDP growth in Q3 2025 be between 3.0% and 3.5%?,0x82d046bdd7aa14261cc0cce710eb7dd127dc32a3a819c88696c8706dc5b4dd23,us-gdp-growth-in-q3-2025,,2025-10-30,2025-08-01T17:43:38.152Z,https://polymarket-upload.s3.us-east-2.amazonaws.com/bea.png,https://polymarket-upload.s3.us-east-2.amazonaws.com/bea.png,"[""Yes"", ""No""]","[""0"", ""1""]",82750.764786,True,True,,2025-08-01T12:54:53.722432Z,2026-01-12T16:02:32.273738Z,2025-12-23 16:40:59+00,False,False,0x91430CaD2d3975766499717fA0D66A78D814E5c5,False,0x2F5e3684cb1F318ec51b00Edba38d79Ac2c0aA9d,True,3.0–3.5%,5,0x1a401e1731ec809615245110fe930a10c766d2a93b6dc6ea7843b122f019ea05,2025-12-23T16:40:59Z,True,0.001,5,resolved,82750.764786,True,4314.473752999999,10461.44134,82750.76478600001,"[""96617501849901253342416312851547116311193694111739432383593943074736796975295"", ""107461127619346617086555060475777958540003824374441902194296416286011947181385""]",500.0,5.0,,,,,4314.473752999999,10461.44134,82750.76478600001,82750.764786,False,True,False,False,False,False,True,"[{'id': '30796', 'conditionId': '0x82d046bdd7aa14261cc0cce710eb7dd127dc32a3a819c88696c8706dc5b4dd23', 'assetAddress': '0x2791Bca1f2de4661ED88A30C99A7a9449Aa84174', 'rewardsAmount': 0, 'rewardsDailyRate': 5, 'startDate': '2025-08-05', 'endDate': '2500-12-31'}]",100,3.5,0.001,-0.006,,-0.0135,0.156,,1.0,,0.001,True,False,False,"[""proposed"", ""resolved""]",False,False,False,False,False,False,,82750.764786,0.0,2025-10-30,2025-08-01,2025-08-01T17:43:16Z,True,True,0x1a401e1731ec809615245110fe930a10c766d2a93b6dc6ea7843b122f019ea00,0x13ef1b69bccb6328f908abbfeb1da7685b46b32bf3f5de0613fd1ba9ed979b4b,,False,False,2025-11-25 18:00:00+00,2025-08-01T17:41:59.563886Z,0.0,,,,,,,,,,,,,,,,,,,,,,,,,GDP_QUARTERLY
570837,GDP_GROWTH,Will US GDP growth in Q3 2025 be greater than 3.5%?,0x1c72805915588dc639113070bd4d88ef4e2a75a88660e4cfe33228396f220987,us-gdp-growth-in-q3-2025,,2025-10-30,2025-08-01T17:43:46.278Z,https://polymarket-upload.s3.us-east-2.amazonaws.com/bea.png,https://polymarket-upload.s3.us-east-2.amazonaws.com/bea.png,"[""Yes"", ""No""]","[""1"", ""0""]",121910.973755,True,True,,2025-08-01T12:54:54.571529Z,2026-01-12T16:02:33.20606Z,2025-12-23 16:40:59+00,False,False,0x91430CaD2d3975766499717fA0D66A78D814E5c5,False,0x2F5e3684cb1F318ec51b00Edba38d79Ac2c0aA9d,True,>3.5%,6,0x1a401e1731ec809615245110fe930a10c766d2a93b6dc6ea7843b122f019ea06,2025-12-23T16:40:59Z,True,0.001,5,resolved,121910.973755,True,32727.779745,44849.53808700001,121910.97375500004,"[""51397787889861007574966422412954690170622500278690053953286723506095597909582"", ""41976091941437224963538095062927640629244924239108237393067530169162419281186""]",500.0,5.0,,,,,32727.779745,44849.53808700001,121910.97375500004,121910.973755,False,True,False,False,False,False,True,"[{'id': '30794', 'conditionId': '0x1c72805915588dc639113070bd4d88ef4e2a75a88660e4cfe33228396f220987', 'assetAddress': '0x2791Bca1f2de4661ED88A30C99A7a9449Aa84174', 'rewardsAmount': 0, 'rewardsDailyRate': 1, 'startDate': '2025-08-05', 'endDate': '2500-12-31'}]",100,3.5,0.001,0.0555,,0.0315,-0.2095,,1.0,0.999,1.0,True,False,False,"[""proposed"", ""resolved""]",False,False,False,False,False,False,,121910.973755,0.0,2025-10-30,2025-08-01,2025-08-01T17:43:24Z,True,True,0x1a401e1731ec809615245110fe930a10c766d2a93b6dc6ea7843b122f019ea00,0x1b2f8cea93f08d7e2890fcd430fedb80676c8c3fb9491f0abe9fd74a2bf49b17,,False,False,2025-11-25 18:00:00+00,2025-08-01T17:41:59.565027Z,0.0,,,,,,,,,,,,,,,,,,,,,,,,,GDP_QUARTERLY
576876,GDP_GROWTH,Will US GDP growth in 2025 be less than 0.5%?,0x417af2d8f42b972d5e2b9623db62f78ad422e7cf910d008b023d09ac34f3b4b7,gdp-growth-in-2025,,2026-01-29,2025-08-15T19:33:16.983Z,https://polymarket-upload.s3.us-east-2.amazonaws.com/bea.png,https://polymarket-upload.s3.us-east-2.amazonaws.com/bea.png,"[""Yes"", ""No""]","[""0"", ""1""]",153885.904796,True,True,,2025-08-15T19:27:11.624742Z,2026-02-20T17:56:27.332234Z,2026-02-20 17:55:06+00,False,False,0x91430CaD2d3975766499717fA0D66A78D814E5c5,False,0x2F5e3684cb1F318ec51b00Edba38d79Ac2c0aA9d,True,<0.5%,0,0x7ed3623338dcaac8a5f4a887069eb91c9cca7bf77664d503e3d86a546ddfa400,2026-02-20T17:55:06Z,True,0.001,5,resolved,153885.904796,True,1257.131,11418.433,153885.9047959999,"[""93236282658111979159320180999275225033025321083005329766677547768290977760323"", ""68097095084852059927226934384844733445711105748012199994123009335342819241242""]",500.0,5.0,,,,,1257.131,11418.433,153885.9047959999,153885.904796,False,True,False,False,False,False,True,,20,3.5,0.001,,,-0.0045,-0.001,,0.001,,0.001,True,False,False,"[""proposed"", ""resolved""]",False,False,False,False,False,False,,153885.904796,0.0,2026-01-29,2025-08-15,2025-08-15T19:32:54Z,True,True,0x7ed3623338dcaac8a5f4a887069eb91c9cca7bf77664d503e3d86a546ddfa400,0x9974918a2594dbaef7e5b7b50adca7b8013f1ca3170a4b860f74a6a65f3d09de,,False,False,2025-11-25 18:00:00+00,2025-08-15T19:31:43.752727Z,0.0,0.0,0.0,0.0,0.0,0.0,,,,,,,,,,,,,,,,,,,,GDP_YEARLY
576877,GDP_GROWTH,Will US GDP growth in 2025 be between 0.5% and 1.0%?,0xc5bb55ecd9ea59ddb14958eeee7373c1d79be1f6ae98aa6998d47bafb23467b9,gdp-growth-in-2025,,2026-01-29,2025-08-15T19:33:20.986Z,https://polymarket-upload.s3.us-east-2.amazonaws.com/bea.png,https://polymarket-upload.s3.us-east-2.amazonaws.com/bea.png,"[""Yes"", ""No""]","[""0"", ""1""]",412825.86051,True,True,,2025-08-15T19:27:12.058698Z,2026-02-21T08:26:10.924866Z,2026-02-20 17:55:06+00,False,False,0x91430CaD2d3975766499717fA0D66A78D814E5c5,False,0x2F5e3684cb1F318ec51b00Edba38d79Ac2c0aA9d,True,0.5–1.0%,1,0x7ed3623338dcaac8a5f4a887069eb91c9cca7bf77664d503e3d86a546ddfa401,2026-02-20T17:55:06Z,True,0.001,5,resolved,412825.86051,True,1301.613333,32698.64782,412825.8605099999,"[""52050746234342662722944164611770366361356411537116700536699714495312321351266"", ""93804609061983629641017043829248235412871993191956251645740188176426412187758""]",500.0,5.0,,,,,1301.613333,32698.64782,412825.8605099999,412825.86051,False,True,False,False,False,False,True,,20,3.5,0.001,-0.0005,,,-0.001,,0.001,,0.001,True,False,False,"[""proposed"", ""resolved""]",False,False,False,False,False,False,,412825.86051,0.0,2026-01-29,2025-08-15,2025-08-15T19:32:58Z,True,True,0x7ed3623338dcaac8a5f4a887069eb91c9cca7bf77664d503e3d86a546ddfa400,0x504b3f0632477d3be0397111eaee43800a1812a1e37dd7ad341ae1e7c95baacf,,False,False,2025-11-25 18:00:00+00,2025-08-15T19:31:43.754328Z,0.0,,,,,,,,,,,,,,,,,,,,,,,,,GDP_YEARLY
576878,GDP_GROWTH,Will US GDP growth in 2025 be between 1.0% and 1.5%?,0xd8bc0d6a00eaf8e60680b55f998cbc278f5e2414d34acca307b56337c203bd3e,gdp-growth-in-2025,,2026-01-29,2025-08-15T19:33:21.242Z,https://polymarket-upload.s3.us-east-2.amazonaws.com/bea.png,https://polymarket-upload.s3.us-east-2.amazonaws.com/bea.png,"[""Yes"", ""No""]","[""0"", ""1""]",134501.290683,True,True,,2025-08-15T19:27:12.654661Z,2026-02-20T17:58:32.390848Z,2026-02-20 17:57:10+00,False,False,0x91430CaD2d3975766499717fA0D66A78D814E5c5,False,0x2F5e3684cb1F318ec51b00Edba38d79Ac2c0aA9d,True,1.0–1.5%,2,0x7ed3623338dcaac8a5f4a887069eb91c9cca7bf77664d503e3d86a546ddfa402,2026-02-20T17:57:10Z,True,0.001,5,resolved,134501.290683,True,580.82,12364.907,134501.290683,"[""90516619390494457851160289611234777024586620796413226659482210307129605212267"", ""100345857693591115399427939282121160012030005246328577225136154263018762062700""]",500.0,5.0,,,,,580.82,12364.907,134501.290683,134501.290683,False,True,False,False,False,False,True,,20,3.5,0.001,-0.001,,-0.0015,-0.001,,0.001,,0.001,True,False,False,"[""proposed"", ""resolved""]",False,False,False,False,False,False,,134501.290683,0.0,2026-01-29,2025-08-15,2025-08-15T19:32:58Z,True,True,0x7ed3623338dcaac8a5f4a887069eb91c9cca7bf77664d503e3d86a546ddfa400,0x2f24562688c1d6aa9e2ec5c5f7372a38bb7e153d0feb9861fd0a7e6e8891d149,,False,False,2025-11-25 18:00:00+00,2025-08-15T19:31:43.756576Z,0.0,0.0,0.0,0.0,0.0,0.0,,,,,,,,,,,,,,,,,,,,GDP_YEARLY
576879,GDP_GROWTH,Will US GDP growth in 2025 be between 1.5% and 2.0%?,0xcca9a66bb8d351766321b76148a89127f0815d4a0cfa5c4219cac2d2043adfcb,gdp-growth-in-2025,,2026-01-29,2025-08-15T19:33:23.272Z,https://polymarket-upload.s3.us-east-2.amazonaws.com/bea.png,https://polymarket-upload.s3.us-east-2.amazonaws.com/bea.png,"[""Yes"", ""No""]","[""0"", ""1""]",64913.209961,True,True,,2025-08-15T19:27:13.131743Z,2026-02-21T16:25:39.401391Z,2026-02-20 17:57:10+00,False,False,0x91430CaD2d3975766499717fA0D66A78D814E5c5,False,0x2F5e3684cb1F318ec51b00Edba38d79Ac2c0aA9d,True,1.5–2.0%,3,0x7ed3623338dcaac8a5f4a887069eb91c9cca7bf77664d503e3d86a546ddfa403,2026-02-20T17:57:10Z,True,0.001,5,resolved,64913.209961,True,2952.6936320000004,13570.129485,64913.20996099999,"[""64636956979664924281112632890582512477072568746251062499472746167647547057659"", ""27343743414957087792132755489717809036735234147028320549451531367515679132047""]",500.0,5.0,,,,,2952.6936320000004,13570.129485,64913.20996099999,64913.209961,False,True,False,False,False,False,True,,20,3.5,0.001,-0.0045,,-0.008,-0.0285,,0.001,,0.001,True,False,False,"[""proposed"", ""resolved""]",False,False,False,False,False,False,,64913.209961,0.0,2026-01-29,2025-08-15,2025-08-15T19:33:00Z,True,True,0x7ed3623338dcaac8a5f4a887069eb91c9cca7bf77664d503e3d86a546ddfa400,0xa72979aeb38ffa29381fbc6bb1d6f12c89c7218b8721c19aca0845296406b52a,,False,False,2025-11-25 18:00:00+00,2025-08-15T19:31:43.759484Z,0.0,,,,,,,,,,,,,,,,,,,,,,,,,GDP_YEARLY
576880,GDP_GROWTH,Will US GDP growth in 2025 be between 2.0% and 2.5%?,0x02ee9013b57b383dc946ff9b0bb4b9ef059ca9a984cd9bce1c223fbe87e2b073,gdp-growth-in-2025,,2026-01-29,2025-08-15T19:33:23.018Z,https://polymarket-upload.s3.us-east-2.amazonaws.com/bea.png,https://polymarket-upload.s3.us-east-2.amazonaws.com/bea.png,"[""Yes"", ""No""]","[""1"", ""0""]",83157.256682,True,True,,2025-08-15T19:27:13.642043Z,2026-02-22T00:27:26.453984Z,2026-02-20 17:56:06+00,False,False,0x91430CaD2d3975766499717fA0D66A78D814E5c5,False,0x2F5e3684cb1F318ec51b00Edba38d79Ac2c0aA9d,True,2.0–2.5%,4,0x7ed3623338dcaac8a5f4a887069eb91c9cca7bf77664d503e3d86a546ddfa404,2026-02-20T17:56:06Z,True,0.001,5,resolved,83157.256682,True,16286.135463999995,29246.619496,83157.25668200002,"[""82061785917705076236548898020239512245804081718353415437404593579600471547046"", ""44750597693157889124810332391317675284208209352899152696585601895225121206107""]",500.0,5.0,,,,,16286.135463999995,29246.619496,83157.25668200002,83157.256682,False,True,False,False,False,False,True,,20,3.5,0.001,0.044,,0.0995,0.1295,,0.999,0.999,1.0,True,False,False,"[""proposed"", ""resolved""]",False,False,False,False,False,False,,83157.256682,0.0,2026-01-29,2025-08-15,2025-08-15T19:33:00Z,True,True,0x7ed3623338dcaac8a5f4a887069eb91c9cca7bf77664d503e3d86a546ddfa400,0x015539ce5a39ae07ef192b2b24216a41c11f3b2932a7afb6e659863f01d6edbb,,False,False,2025-11-25 18:00:00+00,2025-08-15T19:31:43.762168Z,0.0,,,,,,,,,,,,,,,,,,,,,,,,,GDP_YEARLY
576881,GDP_GROWTH,Will US GDP growth in 2025 be greater than 2.5%?,0x4b135d6d7180e10ca6231d46c876c1ac8774249b3a64217bee294666eb30ab29,gdp-growth-in-2025,,2026-01-29,2025-08-15T19:33:28.237Z,https://polymarket-upload.s3.us-east-2.amazonaws.com/bea.png,https://polymarket-upload.s3.us-east-2.amazonaws.com/bea.png,"[""Yes"", ""No""]","[""0"", ""1""]",131199.699892,True,True,,2025-08-15T19:27:14.407029Z,2026-02-21T16:25:42.594335Z,2026-02-20 17:55:04+00,False,False,0x91430CaD2d3975766499717fA0D66A78D814E5c5,False,0x2F5e3684cb1F318ec51b00Edba38d79Ac2c0aA9d,True,>2.5%,5,0x7ed3623338dcaac8a5f4a887069eb91c9cca7bf77664d503e3d86a546ddfa405,2026-02-20T17:55:04Z,True,0.001,5,resolved,131199.699892,True,10954.051671,33647.05411600001,131199.69989199992,"[""53878687881372296840643404422879609046161113624304869713031188462369519751462"", ""7781128617775379429370059157264862153354283943832661953096847794102113820322""]",500.0,5.0,,,,,10954.051671,33647.05411600001,131199.69989199992,131199.699892,False,True,False,False,False,False,True,,20,3.5,0.001,-0.0495,,-0.0865,-0.1055,,0.008,,0.001,True,False,False,"[""proposed"", ""resolved""]",False,False,False,False,False,False,,131199.699892,0.0,2026-01-29,2025-08-15,2025-08-15T19:33:06Z,True,True,0x7ed3623338dcaac8a5f4a887069eb91c9cca7bf77664d503e3d86a546ddfa400,0xc0a3dbb3e1b7b683eb6e21a8de8883427fd53f2a1294f98d4734aebc250799df,,False,False,2025-11-25 18:00:00+00,2025-08-15T19:31:43.764609Z,0.0,,,,,,,,,,,,,,,,,,,,,,,,,GDP_YEARLY
654423,GDP_GROWTH,Will US GDP growth in Q4 2025 be less than 1.0%?,0x5726b84c330e995ea638bbfb4b7a4b580d7334bdc708697eaf0d94c8eb3d8fb3,us-gdp-growth-in-q4-2025,,2026-01-29,2025-10-29T19:01:02.883Z,https://polymarket-upload.s3.us-east-2.amazonaws.com/bea.png,https://polymarket-upload.s3.us-east-2.amazonaws.com/bea.png,"[""Yes"", ""No""]","[""0"", ""1""]",60194.902786,True,True,,2025-10-28T21:10:38.516513Z,2026-02-21T16:25:39.678943Z,2026-02-20 17:50:16+00,False,False,0x91430CaD2d3975766499717fA0D66A78D814E5c5,False,0x2F5e3684cb1F318ec51b00Edba38d79Ac2c0aA9d,True,<1.0%,0,0xf79136d87be0d7307a66a8976885833b9ccf5a1ec12180531667c59edbb62d00,2026-02-20T17:50:16Z,True,0.001,5,resolved,60194.902786,True,10428.034591,25940.330588,60194.90278599996,"[""108109840601795668533298198209526209639420920608144596056834106701952879117953"", ""64219528296972376798061598982601122600500565795058638684900516112537386695719""]",500.0,5.0,,,,,10428.034591,25940.330588,60194.90278599996,60194.902786,False,True,False,False,False,False,True,,20,3.5,0.001,-0.0105,,-0.016,-0.014,,0.001,,0.001,True,False,False,"[""proposed"", ""resolved""]",False,False,False,False,False,False,,60194.902786,0.0,2026-01-29,2025-10-29,2025-10-29T19:00:41Z,True,True,0xf79136d87be0d7307a66a8976885833b9ccf5a1ec12180531667c59edbb62d00,0x8e4559a1485f27da8fc9eb61a50f1ceb839a6262e0b8e6074d8be70b4d07a65a,,False,False,2025-11-25 18:00:00+00,2025-10-29T18:56:37.300183Z,0.0,,,,,,,,,,,,,,,,,,,,,,,,,GDP_QUARTERLY
654424,GDP_GROWTH,Will US GDP growth in Q4 2025 be between 1.0% and 1.5%?,0xb4b2a29f631589d2ffaa318c3a0ad4e10685601c788a72dbd27b4b893a15f35e,us-gdp-growth-in-q4-2025,,2026-01-29,2025-10-29T19:01:03.482Z,https://polymarket-upload.s3.us-east-2.amazonaws.com/bea.png,https://polymarket-upload.s3.us-east-2.amazonaws.com/bea.png,"[""Yes"", ""No""]","[""1"", ""0""]",51027.729301,True,True,,2025-10-28T21:10:39.049742Z,2026-02-22T00:27:25.654978Z,2026-02-20 17:50:16+00,False,False,0x91430CaD2d3975766499717fA0D66A78D814E5c5,False,0x2F5e3684cb1F318ec51b00Edba38d79Ac2c0aA9d,True,1.0–1.5%,1,0xf79136d87be0d7307a66a8976885833b9ccf5a1ec12180531667c59edbb62d01,2026-02-20T17:50:16Z,True,0.001,5,resolved,51027.729301,True,27108.08955,32828.635317,51027.72930100001,"[""30562286811855700035900993712827264386249573536460884445334907437246451703247"", ""96896245767690798911922412593822187944702560703078903355658494424664696834021""]",500.0,5.0,,,,,27108.08955,32828.635317,51027.72930100001,51027.729301,False,True,False,False,False,False,True,,20,3.5,0.001,0.9345,,0.98,0.9955,,0.999,0.999,1.0,True,False,False,"[""proposed"", ""resolved""]",False,False,False,False,False,False,,51027.729301,0.0,2026-01-29,2025-10-29,2025-10-29T19:00:41Z,True,True,0xf79136d87be0d7307a66a8976885833b9ccf5a1ec12180531667c59edbb62d00,0xa9ccb0ffa34d2f2884d1e5756384f6f500d56ad3179a34dbaa2c381b047ddb9c,,False,False,2025-11-25 18:00:00+00,2025-10-29T18:56:37.302103Z,0.0,,,,,,,,,,,,,,,,,,,,,,,,,GDP_QUARTERLY
654425,GDP_GROWTH,Will US GDP growth in Q4 2025 be between 1.5% and 2.0%?,0x54ee81d959b52711cbef37fb26ed617c1aed90d8043a10f8800dcec6839ca846,us-gdp-growth-in-q4-2025,,2026-01-29,2025-10-29T19:01:03.201Z,https://polymarket-upload.s3.us-east-2.amazonaws.com/bea.png,https://polymarket-upload.s3.us-east-2.amazonaws.com/bea.png,"[""Yes"", ""No""]","[""0"", ""1""]",48421.863967,True,True,,2025-10-28T21:10:39.665481Z,2026-02-21T16:25:39.226967Z,2026-02-20 17:50:20+00,False,False,0x91430CaD2d3975766499717fA0D66A78D814E5c5,False,0x2F5e3684cb1F318ec51b00Edba38d79Ac2c0aA9d,True,1.5–2.0%,2,0xf79136d87be0d7307a66a8976885833b9ccf5a1ec12180531667c59edbb62d02,2026-02-20T17:50:20Z,True,0.001,5,resolved,48421.863967,True,19186.812754,34139.01726499999,48421.86396700002,"[""1041038790334709164776836936604244352070959549679439959110908925224906154504"", ""38507540028678003044145512403125289150954569430468067846710242760318130520462""]",500.0,5.0,,,,,19186.812754,34139.01726499999,48421.86396700002,48421.863967,False,True,False,False,False,False,True,,50,4.5,0.001,-0.079,,-0.0655,-0.0445,,0.001,,0.001,True,False,False,"[""proposed"", ""resolved""]",False,False,False,False,False,False,,48421.863967,0.0,2026-01-29,2025-10-29,2025-10-29T19:00:41Z,True,True,0xf79136d87be0d7307a66a8976885833b9ccf5a1ec12180531667c59edbb62d00,0x60dcd163493b521ff3a657aeaf49fd60f5cb8b574aef722d7847a36043ff3f44,,False,False,2025-11-25 18:00:00+00,2025-10-29T18:56:37.304601Z,0.0,,,,,,,,,,,,,,,,,,,,,,,,,GDP_QUARTERLY
654426,GDP_GROWTH,Will US GDP growth in Q4 2025 be between 2.0% and 2.5%?,0xe50896651decb1916a4182ed827434daf9935faf8cf9cf03415f5b8a6cdf40a5,us-gdp-growth-in-q4-2025,,2026-01-29,2025-10-29T19:01:05.5Z,https://polymarket-upload.s3.us-east-2.amazonaws.com/bea.png,https://polymarket-upload.s3.us-east-2.amazonaws.com/bea.png,"[""Yes"", ""No""]","[""0"", ""1""]",31825.22326,True,True,,2025-10-28T21:10:40.165864Z,2026-02-22T00:27:25.127437Z,2026-02-20 17:51:10+00,False,False,0x91430CaD2d3975766499717fA0D66A78D814E5c5,False,0x2F5e3684cb1F318ec51b00Edba38d79Ac2c0aA9d,True,2.0–2.5%,3,0xf79136d87be0d7307a66a8976885833b9ccf5a1ec12180531667c59edbb62d03,2026-02-20T17:51:10Z,True,0.001,5,resolved,31825.22326,True,9761.535463,15643.227704999998,31825.22326,"[""109904554056935272169730378752283666222957145423330594737040772648673696893983"", ""107213129314994162369466519069442472096992908321148518360730893902512384640918""]",500.0,5.0,,,,,9761.535463,15643.227704999998,31825.22326,31825.22326,False,True,False,False,False,False,True,,50,4.5,0.001,-0.1215,,-0.1125,-0.0795,,0.001,,0.001,True,False,False,"[""proposed"", ""resolved""]",False,False,False,False,False,False,,31825.22326,0.0,2026-01-29,2025-10-29,2025-10-29T19:00:43Z,True,True,0xf79136d87be0d7307a66a8976885833b9ccf5a1ec12180531667c59edbb62d00,0x07f7c11229bb77cfc5d7e735acc0dcc12a5ccf765e1cc85917ad6bdfeb447b49,,False,False,2025-11-25 18:00:00+00,2025-10-29T18:56:37.306484Z,0.0,,,,,,,,,,,,,,,,,,,,,,,,,GDP_QUARTERLY
654427,GDP_GROWTH,Will US GDP growth in Q4 2025 be between 2.5% and 3.0%?,0x7c23eb43f7aeca2ed64186ea1b8269d61ab53c564911b91b2808b51d85d5db8b,us-gdp-growth-in-q4-2025,,2026-01-29,2025-10-29T19:01:05.246Z,https://polymarket-upload.s3.us-east-2.amazonaws.com/bea.png,https://polymarket-upload.s3.us-east-2.amazonaws.com/bea.png,"[""Yes"", ""No""]","[""0"", ""1""]",33496.337083,True,True,,2025-10-28T21:10:40.663213Z,2026-02-21T16:25:39.24366Z,2026-02-20 17:50:18+00,False,False,0x91430CaD2d3975766499717fA0D66A78D814E5c5,False,0x2F5e3684cb1F318ec51b00Edba38d79Ac2c0aA9d,True,2.5–3.0%,4,0xf79136d87be0d7307a66a8976885833b9ccf5a1ec12180531667c59edbb62d04,2026-02-20T17:50:18Z,True,0.001,5,resolved,33496.337083,True,4497.995046,10005.418161999996,33496.33708299998,"[""60265216351447494075409855233645057033695673889295492647790321229267332701037"", ""40311997486726154938549761692445082498681864705261859926517976378652430030261""]",500.0,5.0,,,,,4497.995046,10005.418161999996,33496.33708299998,33496.337083,False,True,False,False,False,False,True,,50,4.5,0.001,-0.2725,,-0.225,-0.0775,,0.001,,0.001,True,False,False,"[""proposed"", ""resolved""]",False,False,False,False,False,False,,33496.337083,0.0,2026-01-29,2025-10-29,2025-10-29T19:00:43Z,True,True,0xf79136d87be0d7307a66a8976885833b9ccf5a1ec12180531667c59edbb62d00,0xb435d79c0a54fa782173c7f422c13092035db05a34e6322e717dba4d3570e8e4,,False,False,2025-11-25 18:00:00+00,2025-10-29T18:56:37.308354Z,0.0,,,,,,,,,,,,,,,,,,,,,,,,,GDP_QUARTERLY
654428,GDP_GROWTH,Will US GDP growth in Q4 2025 be between 3.0% and 3.5%?,0xf36f70ba24c9b0e0b8d3816cfeb8b8343f2cd57c38eaffda6fcaa897ac2144c9,us-gdp-growth-in-q4-2025,,2026-01-29,2025-10-29T19:01:06.012Z,https://polymarket-upload.s3.us-east-2.amazonaws.com/bea.png,https://polymarket-upload.s3.us-east-2.amazonaws.com/bea.png,"[""Yes"", ""No""]","[""0"", ""1""]",37366.398023,True,True,,2025-10-28T21:10:41.210892Z,2026-02-21T16:25:42.466777Z,2026-02-20 17:50:16+00,False,False,0x91430CaD2d3975766499717fA0D66A78D814E5c5,False,0x2F5e3684cb1F318ec51b00Edba38d79Ac2c0aA9d,True,3.0–3.5%,5,0xf79136d87be0d7307a66a8976885833b9ccf5a1ec12180531667c59edbb62d05,2026-02-20T17:50:16Z,True,0.001,5,resolved,37366.398023,True,11077.403231000002,13474.454414000002,37366.39802299997,"[""108257272430122135280419956220074999273962996588297256824541952787168506122134"", ""43550076949870386994873464823518476157559954294116487024300986259687151722061""]",500.0,5.0,,,,,11077.403231000002,13474.454414000002,37366.39802299997,37366.398023,False,True,False,False,False,False,True,,50,4.5,0.001,-0.34,,-0.1935,-0.1165,,0.001,,0.001,True,False,False,"[""proposed"", ""resolved""]",False,False,False,False,False,False,,37366.398023,0.0,2026-01-29,2025-10-29,2025-10-29T19:00:43Z,True,True,0xf79136d87be0d7307a66a8976885833b9ccf5a1ec12180531667c59edbb62d00,0x760dc9527de43b77a881ce27435ecb4bec61b283a273734e9a10e64357f8bf44,,False,False,2025-11-25 18:00:00+00,2025-10-29T18:56:37.31081Z,0.0,,,,,,,,,,,,,,,,,,,,,,,,,GDP_QUARTERLY
654429,GDP_GROWTH,Will US GDP growth in Q4 2025 be greater than 3.5%?,0xa0c6605b583595e3f1d722bd3c5be9fd33a9d31f39f8aeba1fca718e0e70bf8b,us-gdp-growth-in-q4-2025,,2026-01-29,2025-10-29T19:01:05.758Z,https://polymarket-upload.s3.us-east-2.amazonaws.com/bea.png,https://polymarket-upload.s3.us-east-2.amazonaws.com/bea.png,"[""Yes"", ""No""]","[""0"", ""1""]",193052.65602,True,True,,2025-10-28T21:10:41.876294Z,2026-02-22T00:27:25.236918Z,2026-02-20 17:50:20+00,False,False,0x91430CaD2d3975766499717fA0D66A78D814E5c5,False,0x2F5e3684cb1F318ec51b00Edba38d79Ac2c0aA9d,True,>3.5%,6,0xf79136d87be0d7307a66a8976885833b9ccf5a1ec12180531667c59edbb62d06,2026-02-20T17:50:20Z,True,0.001,5,resolved,193052.65602,True,23137.51537100001,80284.95037200002,193052.65602000008,"[""54680412531366307006412039119846609057746833459452699789103723102102621060411"", ""20080638766892461882700766779027158827365562310839279482127131217784193046585""]",500.0,5.0,,,,,23137.51537100001,80284.95037200002,193052.65602000008,193052.65602,False,True,False,False,False,False,True,,50,4.5,0.001,-0.1745,,-0.3645,-0.6745,,0.001,,0.001,True,False,False,"[""proposed"", ""resolved""]",False,False,False,False,False,False,,193052.65602,0.0,2026-01-29,2025-10-29,2025-10-29T19:00:43Z,True,True,0xf79136d87be0d7307a66a8976885833b9ccf5a1ec12180531667c59edbb62d00,0x6c3bd240e9e0eb38dfec01a317a7379711f214ed280e78cf56dafe26ce691a99,,False,False,2025-11-25 18:00:00+00,2025-10-29T18:56:37.312249Z,0.0,,,,,,,,,,,,,,,,,,,,,,,,,GDP_QUARTERLY
677164,GDP_GROWTH,Will US GDP growth in 2026 be less than 0.5%?,0x6ae072980c3a34f776b1bb0d252cff1222ebf223866c1097937d1c5b46274dca,gdp-growth-in-2026,,2027-01-29,2025-11-12T23:18:29.772Z,https://polymarket-upload.s3.us-east-2.amazonaws.com/bea.png,https://polymarket-upload.s3.us-east-2.amazonaws.com/bea.png,"[""Yes"", ""No""]","[""0.0995"", ""0.9005""]",3680.887455999999,True,False,,2025-11-11T20:22:07.763736Z,2026-04-03T16:04:29.843785Z,,False,False,0x91430CaD2d3975766499717fA0D66A78D814E5c5,False,0x2F5e3684cb1F318ec51b00Edba38d79Ac2c0aA9d,True,<0.5%,0,0xf7d9100b9111cd01b11d572f3895103b0bc659a5e7a94ed6b601cda38bdcd400,,True,0.001,5,,3680.887455999999,True,,,,"[""71287865176633432356197929096139865786224903421308125412610296073187526047113"", ""82792433033760781538885870993088954283049522374001880218268765998915809494182""]",500.0,5.0,,,,,,,,3680.887455999999,True,True,False,False,False,False,True,,20,3.5,0.055,0.0545,0.0015,-0.054,0.1405,,0.072,0.072,0.127,True,False,False,[],False,False,False,False,False,False,,3680.887455999999,2351.05575,2027-01-29,2025-11-12,2025-11-12T23:18:08Z,,True,0xf7d9100b9111cd01b11d572f3895103b0bc659a5e7a94ed6b601cda38bdcd400,0x14fbbb157800f9b016fe73752e3135963f12c38478bd43225b30d865f96c9d38,,False,False,2025-11-25 18:00:00+00,2025-11-12T23:17:03.051665Z,0.0,2351.05575,2351.05575,,2351.05575,0.8617716171639915,,,,,,,,,,,,,,,,,,,,GDP_YEARLY
677166,GDP_GROWTH,Will US GDP growth in 2026 be between 1.0% and 1.5%?,0x88038be57cc91815287021d71dc17189c5eecd2fb851228b4a408c5b6512becd,gdp-growth-in-2026,,2027-01-29,2025-11-12T23:18:29.263Z,https://polymarket-upload.s3.us-east-2.amazonaws.com/bea.png,https://polymarket-upload.s3.us-east-2.amazonaws.com/bea.png,"[""Yes"", ""No""]","[""0.065"", ""0.935""]",1431.542326,True,False,,2025-11-11T20:22:08.700916Z,2026-04-03T16:04:02.262413Z,,False,False,0x91430CaD2d3975766499717fA0D66A78D814E5c5,False,0x2F5e3684cb1F318ec51b00Edba38d79Ac2c0aA9d,True,1.0–1.5%,2,0xf7d9100b9111cd01b11d572f3895103b0bc659a5e7a94ed6b601cda38bdcd402,,True,0.001,5,,1431.542326,True,,,,"[""3778701297142172054009835709694047837281608259621414725374943993931338899258"", ""27593294769624495449364510692469358065152813790704384009765430275474453954456""]",500.0,5.0,,,,,,,,1431.542326,True,True,False,False,False,False,True,,20,3.5,0.064,-0.0035,-0.001,-0.078,-0.0105,,0.034,0.033,0.097,True,False,False,[],False,False,False,False,False,False,,1431.542326,2882.33106,2027-01-29,2025-11-12,2025-11-12T23:18:08Z,,True,0xf7d9100b9111cd01b11d572f3895103b0bc659a5e7a94ed6b601cda38bdcd400,0x2d6308bd800b66993c77dfef554b67917e2bc8f517262b98fbf974ade89debcc,,False,False,2025-11-25 18:00:00+00,2025-11-12T23:17:03.057192Z,0.0,2882.33106,2882.33106,,2882.33106,0.8408837688410519,,,,,,,,,,,,,,,,,,,,GDP_YEARLY
677168,GDP_GROWTH,Will US GDP growth in 2026 be between 2.0% and 2.5%?,0x21ba6e5a2ac90fa75afef355b6459730b79ff573ff3724c256aeb4d6e3e88e9a,gdp-growth-in-2026,,2027-01-29,2025-11-12T23:18:33.128Z,https://polymarket-upload.s3.us-east-2.amazonaws.com/bea.png,https://polymarket-upload.s3.us-east-2.amazonaws.com/bea.png,"[""Yes"", ""No""]","[""0.1"", ""0.9""]",1338.4840609999997,True,False,,2025-11-11T20:22:09.695197Z,2026-04-03T16:03:43.500776Z,,False,False,0x91430CaD2d3975766499717fA0D66A78D814E5c5,False,0x2F5e3684cb1F318ec51b00Edba38d79Ac2c0aA9d,True,2.0–2.5%,4,0xf7d9100b9111cd01b11d572f3895103b0bc659a5e7a94ed6b601cda38bdcd404,,True,0.01,5,,1338.4840609999997,True,,,,"[""62031822870197124399291372880377253497673375396600577280749307936615331930142"", ""23636199661366489995455760336431710343296746063451500415068971436882750756560""]",500.0,5.0,,,,,,,,1338.4840609999997,True,True,False,False,False,False,True,,20,3.5,0.06,-0.005,,,-0.02,,0.09,0.07,0.13,True,False,False,[],False,False,False,False,False,False,,1338.4840609999997,2357.655,2027-01-29,2025-11-12,2025-11-12T23:18:12Z,,True,0xf7d9100b9111cd01b11d572f3895103b0bc659a5e7a94ed6b601cda38bdcd400,0xebf127d1c951efc9e8a9b2a0b7e2a6260be1e64f30b8bd0db09e996baa958b52,,False,False,2025-11-25 18:00:00+00,2025-11-12T23:17:03.062882Z,0.0,2357.655,2357.655,,2357.655,0.8620689655172414,,,,,,,,,,,,,,,,,,,,GDP_YEARLY
677165,GDP_GROWTH,Will US GDP growth in 2026 be between 0.5% and 1.0%?,0x88d5a8b1269b10cee37d493545be2c57ba335afb82e0d66eadea2c8db6758021,gdp-growth-in-2026,,2027-01-29,2025-11-12T23:18:29.517Z,https://polymarket-upload.s3.us-east-2.amazonaws.com/bea.png,https://polymarket-upload.s3.us-east-2.amazonaws.com/bea.png,"[""Yes"", ""No""]","[""0.043"", ""0.957""]",14985.392074,True,False,,2025-11-11T20:22:08.200806Z,2026-04-03T16:04:08.332073Z,,False,False,0x91430CaD2d3975766499717fA0D66A78D814E5c5,False,0x2F5e3684cb1F318ec51b00Edba38d79Ac2c0aA9d,True,0.5–1.0%,1,0xf7d9100b9111cd01b11d572f3895103b0bc659a5e7a94ed6b601cda38bdcd401,,True,0.001,5,,14985.392074,True,83.509401,13825.730391999998,14985.392074,"[""56973742966520730098960805262192922206071539024165710105433399400951278999777"", ""84059764289574408252295150055825581039985955025187042102219294628683674592796""]",500.0,5.0,,,,,83.509401,13825.730391999998,14985.392074,14985.392074,True,True,False,False,False,False,True,,20,3.5,0.048,0.017,-0.0075,-0.041,0.0505,,0.067,0.019,0.067,True,False,False,[],False,False,False,False,False,False,,14985.392074,2611.8821,2027-01-29,2025-11-12,2025-11-12T23:18:08Z,,True,0xf7d9100b9111cd01b11d572f3895103b0bc659a5e7a94ed6b601cda38bdcd400,0xb18b5036e1a657149e72512daa5f6ccb8f8008e657c8dc56151316b1e9bad9aa,,False,False,2025-11-25 18:00:00+00,2025-11-12T23:17:03.054626Z,0.0,2611.8821,2611.8821,,2611.8821,0.8272331780065169,30.049401,30.049401,,,,,,,,,,,,,,,,,,GDP_YEARLY
677169,GDP_GROWTH,Will US GDP growth in 2026 be greater than 2.5%?,0x47843866e73dd6aeefbb67ab80b48c12d68eb27818e228c399fe0c5e2a89f5e2,gdp-growth-in-2026,,2027-01-29,2025-11-12T23:18:42.549Z,https://polymarket-upload.s3.us-east-2.amazonaws.com/bea.png,https://polymarket-upload.s3.us-east-2.amazonaws.com/bea.png,"[""Yes"", ""No""]","[""0.615"", ""0.385""]",3660.171452999999,True,False,,2025-11-11T20:22:10.250079Z,2026-04-03T16:03:55.330995Z,,False,False,0x91430CaD2d3975766499717fA0D66A78D814E5c5,False,0x2F5e3684cb1F318ec51b00Edba38d79Ac2c0aA9d,True,>2.5%,5,0xf7d9100b9111cd01b11d572f3895103b0bc659a5e7a94ed6b601cda38bdcd405,,True,0.01,5,,3660.171452999999,True,,,,"[""91072051335534569036631525786043005843310008467930421146114648703628473446696"", ""93467345580072941416743494358778432936042820989788747507231843008868004958165""]",500.0,5.0,,,,,,,,3660.171452999999,True,True,False,False,False,False,True,,20,3.5,0.09,0.01,,0.06,-0.09,,0.57,0.57,0.66,True,False,False,[],False,False,False,False,False,False,,3660.171452999999,2439.0166,2027-01-29,2025-11-12,2025-11-12T23:18:20Z,,True,0xf7d9100b9111cd01b11d572f3895103b0bc659a5e7a94ed6b601cda38bdcd400,0x494ed857d8c6c6e7c76a6905a2c73417fd3cf6bd735a02aea130d98e87602ec1,,False,False,2025-11-25 18:00:00+00,2025-11-12T23:17:03.065249Z,0.0,2439.0166,2439.0166,,2439.0166,0.9869476177551876,,,,,,,,,,,,,,,,,,,,GDP_YEARLY
1006073,GDP_GROWTH,Will US GDP growth in Q1 2026 be less than 1.0%?,0xbf7d903a72d0450260093c13010a773f138ca61cfd3e9a7022ef058c255fb79a,us-gdp-growth-in-q1-2026,,2026-04-30,2025-12-23T23:02:10.953332Z,https://polymarket-upload.s3.us-east-2.amazonaws.com/bea.png,https://polymarket-upload.s3.us-east-2.amazonaws.com/bea.png,"[""Yes"", ""No""]","[""0.103"", ""0.897""]",22629.41439900002,True,False,,2025-12-23T19:18:59.223164Z,2026-04-03T16:04:30.000567Z,,False,False,0x91430CaD2d3975766499717fA0D66A78D814E5c5,False,0x2F5e3684cb1F318ec51b00Edba38d79Ac2c0aA9d,True,<1.0%,0,0x74fe0ee4b4b71f603dd34606e7fb171baf44e513711cb139f99db16acd863f00,,True,0.001,5,,22629.41439900002,True,1511.739444,16860.061198999996,22629.41439900001,"[""25390561232626097563943253274844960304736612225523955854268640501555880822189"", ""44745666790147483483102925265486873423985910293323974146050111716317129269328""]",500.0,5.0,,,,,1511.739444,16860.061198999996,22629.41439900001,22629.41439900002,True,True,False,False,False,False,True,"[{'id': '92506', 'conditionId': '0xbf7d903a72d0450260093c13010a773f138ca61cfd3e9a7022ef058c255fb79a', 'assetAddress': '0x2791Bca1f2de4661ED88A30C99A7a9449Aa84174', 'rewardsAmount': 0, 'rewardsDailyRate': 0.001, 'startDate': '2026-03-04', 'endDate': '2500-12-31'}]",20,3.5,0.036,-0.0225,-0.0005,-0.0165,-0.212,,0.094,0.085,0.121,True,False,False,[],False,False,False,False,False,False,,22629.41439900002,4156.25817,2026-04-30,2025-12-23,2025-12-23T23:01:49Z,,True,0x74fe0ee4b4b71f603dd34606e7fb171baf44e513711cb139f99db16acd863f00,0x0a229aad6170a5db2b8b130696b6d7329eea109a7184198e7ffee99bb9fb6b13,,False,False,,2025-12-23T22:42:07.892572Z,0.0,4156.25817,4156.25817,,4156.25817,0.8638495381428444,946.572674,946.572674,,,,,,,,,,,,,,,,,,GDP_QUARTERLY
1006075,GDP_GROWTH,Will US GDP growth in Q1 2026 be between 1.5% and 2.0%?,0x574893d630a2d42f13f16cb22871a678a7346ec0ab480100646e66e0f3e70f36,us-gdp-growth-in-q1-2026,,2026-04-30,2025-12-23T23:02:13.035753Z,https://polymarket-upload.s3.us-east-2.amazonaws.com/bea.png,https://polymarket-upload.s3.us-east-2.amazonaws.com/bea.png,"[""Yes"", ""No""]","[""0.141"", ""0.859""]",15453.066410999998,True,False,,2025-12-23T19:19:00.369095Z,2026-04-03T16:04:29.618943Z,,False,False,0x91430CaD2d3975766499717fA0D66A78D814E5c5,False,0x2F5e3684cb1F318ec51b00Edba38d79Ac2c0aA9d,True,1.5–2.0%,2,0x74fe0ee4b4b71f603dd34606e7fb171baf44e513711cb139f99db16acd863f02,,True,0.001,5,,15453.066410999998,True,1887.328252,10396.011511,15453.066411,"[""4308123005073980664178400109363914397836898263852913629995172670320641056496"", ""14606350934279165148995924069985049428222806454814983832628075764205972537326""]",500.0,5.0,,,,,1887.328252,10396.011511,15453.066411,15453.066410999998,True,True,False,False,False,False,True,"[{'id': '99965', 'conditionId': '0x574893d630a2d42f13f16cb22871a678a7346ec0ab480100646e66e0f3e70f36', 'assetAddress': '0x2791Bca1f2de4661ED88A30C99A7a9449Aa84174', 'rewardsAmount': 0, 'rewardsDailyRate': 0.001, 'startDate': '2026-03-11', 'endDate': '2500-12-31'}]",20,3.5,0.042,-0.035,0.005,0.015,-0.035,,0.103,0.12,0.162,True,False,False,[],False,False,False,False,False,False,,15453.066410999998,2647.59448,2026-04-30,2025-12-23,2025-12-23T23:01:51Z,,True,0x74fe0ee4b4b71f603dd34606e7fb171baf44e513711cb139f99db16acd863f00,0x20a80192b5f3ebf347d7fa02ff826507996ca3f98919c070f6bd530e121f4090,,False,False,,2025-12-23T22:42:07.89744Z,0.0,2647.59448,2647.59448,,2647.59448,0.8858329620216834,133.096406,133.096406,,,,,,,,,,,,,,,,,,GDP_QUARTERLY
1006077,GDP_GROWTH,Will US GDP growth in Q1 2026 be between 2.5% and 3.0%?,0x97cd691b804fac9b04a67ba9b3c0f813b49b330059f8d2a9c0415da8ceb12e41,us-gdp-growth-in-q1-2026,,2026-04-30,2025-12-23T23:02:15.278473Z,https://polymarket-upload.s3.us-east-2.amazonaws.com/bea.png,https://polymarket-upload.s3.us-east-2.amazonaws.com/bea.png,"[""Yes"", ""No""]","[""0.183"", ""0.817""]",13993.714278999994,True,False,,2025-12-23T19:19:01.437036Z,2026-04-03T16:04:20.436638Z,,False,False,0x91430CaD2d3975766499717fA0D66A78D814E5c5,False,0x2F5e3684cb1F318ec51b00Edba38d79Ac2c0aA9d,True,2.5–3.0%,4,0x74fe0ee4b4b71f603dd34606e7fb171baf44e513711cb139f99db16acd863f04,,True,0.001,5,,13993.714278999994,True,651.5494359999999,7836.003874,13993.714279000002,"[""68506853364364663519695058075680145988303468158608666604565985477228965972050"", ""102700011633198620937727392877418767357871549962848664591821473632337291331728""]",500.0,5.0,,,,,651.5494359999999,7836.003874,13993.714279000002,13993.714278999994,True,True,False,False,False,False,True,"[{'id': '100114', 'conditionId': '0x97cd691b804fac9b04a67ba9b3c0f813b49b330059f8d2a9c0415da8ceb12e41', 'assetAddress': '0x2791Bca1f2de4661ED88A30C99A7a9449Aa84174', 'rewardsAmount': 0, 'rewardsDailyRate': 0.001, 'startDate': '2026-03-11', 'endDate': '2500-12-31'}]",20,3.5,0.014,-0.0095,-0.003,0.009,0.0935,,0.19,0.176,0.19,True,False,False,[],False,False,False,False,False,False,,13993.714278999994,2411.56044,2026-04-30,2025-12-23,2025-12-23T23:01:53Z,,True,0x74fe0ee4b4b71f603dd34606e7fb171baf44e513711cb139f99db16acd863f00,0xab1a850bc40b2d0f2bb762943a8fe8b3a3b7ef4c2fe29186973f762c43003570,,False,False,,2025-12-23T22:42:07.902517Z,0.0,2411.56044,2411.56044,,2411.56044,0.9086869564348212,52.700683,52.700683,,,,,,,,,,,,,,,,,,GDP_QUARTERLY
1006079,GDP_GROWTH,Will US GDP growth in Q1 2026 be greater than 3.5%?,0x05260e1c44dc94aadd963c29e0005618d4b9975db01f0883e01455c729a04cf1,us-gdp-growth-in-q1-2026,,2026-04-30,2025-12-23T23:02:17.297296Z,https://polymarket-upload.s3.us-east-2.amazonaws.com/bea.png,https://polymarket-upload.s3.us-east-2.amazonaws.com/bea.png,"[""Yes"", ""No""]","[""0.13"", ""0.87""]",69534.19353100001,True,False,,2025-12-23T19:19:02.460808Z,2026-04-03T16:03:44.216705Z,,False,False,0x91430CaD2d3975766499717fA0D66A78D814E5c5,False,0x2F5e3684cb1F318ec51b00Edba38d79Ac2c0aA9d,True,≥3.5%,6,0x74fe0ee4b4b71f603dd34606e7fb171baf44e513711cb139f99db16acd863f06,,True,0.01,5,,69534.19353100001,True,1065.224738,24732.041928,69534.193531,"[""92985525812362612584509867415467136703806461559766436088829522319853733528272"", ""27446872789153049108489766152164671022306224335034702728935660909231056910488""]",500.0,5.0,,,,,1065.224738,24732.041928,69534.193531,69534.19353100001,True,True,False,False,False,False,True,,20,3.5,0.02,0.03,,0.07,-0.125,,0.13,0.12,0.14,True,False,False,[],False,False,False,False,False,False,,69534.19353100001,2827.8294,2026-04-30,2025-12-23,2025-12-23T23:01:55Z,,True,0x74fe0ee4b4b71f603dd34606e7fb171baf44e513711cb139f99db16acd863f00,0x6b6d3942945603f59f2122198c04d3403589e7ae6fb220a4bf140010d1f203cf,,False,False,,2025-12-23T22:42:07.954003Z,0.0,2827.8294,2827.8294,,2827.8294,0.8795848359574281,131.56111,131.56111,,,,,,,,,,,,,,,,,,GDP_QUARTERLY
1006074,GDP_GROWTH,Will US GDP growth in Q1 2026 be between 1.0% and 1.5%?,0x3e7559e591b2e26807d62516c35d2065576ffb23a94d57db0bdce887767249d6,us-gdp-growth-in-q1-2026,,2026-04-30,2025-12-23T23:02:11.715694Z,https://polymarket-upload.s3.us-east-2.amazonaws.com/bea.png,https://polymarket-upload.s3.us-east-2.amazonaws.com/bea.png,"[""Yes"", ""No""]","[""0.1585"", ""0.8415""]",5134.844233999999,True,False,,2025-12-23T19:18:59.79235Z,2026-04-03T16:04:08.904934Z,,False,False,0x91430CaD2d3975766499717fA0D66A78D814E5c5,False,0x2F5e3684cb1F318ec51b00Edba38d79Ac2c0aA9d,True,1.0–1.5%,1,0x74fe0ee4b4b71f603dd34606e7fb171baf44e513711cb139f99db16acd863f01,,True,0.001,5,,5134.844233999999,True,851.7839459999999,2226.385802,5134.844233999999,"[""76166318607448739120397461324463958137448578261884289535483817031186102931379"", ""12382710472556453063692052732196770949895472196987250399453175777527226749512""]",500.0,5.0,,,,,851.7839459999999,2226.385802,5134.844233999999,5134.844233999999,True,True,False,False,False,False,True,,20,3.5,0.069,-0.0055,0.011,-0.0075,0.0275,,0.15,0.124,0.193,True,False,False,[],False,False,False,False,False,False,,5134.844233999999,2080.34786,2026-04-30,2025-12-23,2025-12-23T23:01:49Z,,True,0x74fe0ee4b4b71f603dd34606e7fb171baf44e513711cb139f99db16acd863f00,0xbe0cdfd70132105dce4ce0a5589467a57ef9a424969a07c047b06b83b34a04f6,,False,False,,2025-12-23T22:42:07.895197Z,0.0,2080.34786,2080.34786,,2080.34786,0.8955580098820349,98.18,98.18,,,,,,,,,,,,,,,,,,GDP_QUARTERLY
1006076,GDP_GROWTH,Will US GDP growth in Q1 2026 be between 2.0% and 2.5%?,0x0535dc9983df3f59fb2aec1f0ea770507dfb58514643142e335c06f0edace923,us-gdp-growth-in-q1-2026,,2026-04-30,2025-12-23T23:02:15.532411Z,https://polymarket-upload.s3.us-east-2.amazonaws.com/bea.png,https://polymarket-upload.s3.us-east-2.amazonaws.com/bea.png,"[""Yes"", ""No""]","[""0.1105"", ""0.8895""]",32386.70735999997,True,False,,2025-12-23T19:19:00.915449Z,2026-04-03T16:04:17.072079Z,,False,False,0x91430CaD2d3975766499717fA0D66A78D814E5c5,False,0x2F5e3684cb1F318ec51b00Edba38d79Ac2c0aA9d,True,2.0–2.5%,3,0x74fe0ee4b4b71f603dd34606e7fb171baf44e513711cb139f99db16acd863f03,,True,0.001,5,,32386.70735999997,True,1876.40558,8258.564155,32386.70736,"[""62741540586810785796611679100995722865508821499319734929274882283929330917217"", ""72070466351937050071025317465495808068208294483994620947333987378762813779330""]",500.0,5.0,,,,,1876.40558,8258.564155,32386.70736,32386.70735999997,True,True,False,False,False,False,True,"[{'id': '100906', 'conditionId': '0x0535dc9983df3f59fb2aec1f0ea770507dfb58514643142e335c06f0edace923', 'assetAddress': '0x2791Bca1f2de4661ED88A30C99A7a9449Aa84174', 'rewardsAmount': 0, 'rewardsDailyRate': 0.001, 'startDate': '2026-03-12', 'endDate': '2500-12-31'}]",20,3.5,0.039,-0.005,,-0.125,-0.145,,0.101,0.091,0.13,True,False,False,[],False,False,False,False,False,False,,32386.70735999997,2419.38617,2026-04-30,2025-12-23,2025-12-23T23:01:53Z,,True,0x74fe0ee4b4b71f603dd34606e7fb171baf44e513711cb139f99db16acd863f00,0x3df721b97dcfd1b50ced1c75a2c7b929ffe42e672bd5bfc900d45a75d2874eb2,,False,False,,2025-12-23T22:42:07.899308Z,0.0,2419.38617,2419.38617,,2419.38617,0.868273943033849,138.050297,138.050297,,,,,,,,,,,,,,,,,,GDP_QUARTERLY
1006078,GDP_GROWTH,Will US GDP growth in Q1 2026 be between 3.0% and 3.5%?,0x174f4f8447b716603444fc4df4ff9b0dfc3cb29ef74dfacb6cdee6ff98cbf54c,us-gdp-growth-in-q1-2026,,2026-04-30,2025-12-23T23:02:15.023187Z,https://polymarket-upload.s3.us-east-2.amazonaws.com/bea.png,https://polymarket-upload.s3.us-east-2.amazonaws.com/bea.png,"[""Yes"", ""No""]","[""0.195"", ""0.805""]",74594.65146600004,True,False,,2025-12-23T19:19:01.940757Z,2026-04-03T16:03:53.781016Z,,False,False,0x91430CaD2d3975766499717fA0D66A78D814E5c5,False,0x2F5e3684cb1F318ec51b00Edba38d79Ac2c0aA9d,True,3.0–3.5%,5,0x74fe0ee4b4b71f603dd34606e7fb171baf44e513711cb139f99db16acd863f05,,True,0.01,5,,74594.65146600004,True,29229.928116000003,59791.788911,74594.65146600001,"[""63947883959641335451072695790413962116558082302037547590881092469642743516211"", ""41614991701871020344796945767107485930030446263861944599908381884165143531""]",500.0,5.0,,,,,29229.928116000003,59791.788911,74594.65146600001,74594.65146600004,True,True,False,False,False,False,True,"[{'id': '100929', 'conditionId': '0x174f4f8447b716603444fc4df4ff9b0dfc3cb29ef74dfacb6cdee6ff98cbf54c', 'assetAddress': '0x2791Bca1f2de4661ED88A30C99A7a9449Aa84174', 'rewardsAmount': 0, 'rewardsDailyRate': 0.001, 'startDate': '2026-03-12', 'endDate': '2500-12-31'}]",20,3.5,0.05,0.015,,0.15,0.165,,0.18,0.17,0.22,True,False,False,[],False,False,False,False,False,False,,74594.65146600004,2942.9362,2026-04-30,2025-12-23,2025-12-23T23:01:53Z,,True,0x74fe0ee4b4b71f603dd34606e7fb171baf44e513711cb139f99db16acd863f00,0x65ec5af4eb0e867f26289945cfe15d8061812b452493c4d8a4dd7f311054e2c9,,False,False,,2025-12-23T22:42:07.950844Z,0.0,2942.9362,2942.9362,,2942.9362,0.9148921570869832,625.746634,625.746634,,,,,,,,,,,,,,,,,,GDP_QUARTERLY
250474,GDP_GROWTH,Did US GDP grow 2.5% or more in Q1 2023?,0x979d094073e4afe52af9b125471f2df66967fe9302d00f4378f1957497a6fa1c,us-gdp-growth-in-q1-2023,https://www.bea.gov/data/gdp/gross-domestic-product,2023-04-26,2023-04-24T21:13:07.531Z,https://polymarket-upload.s3.us-east-2.amazonaws.com/bea.png,https://polymarket-upload.s3.us-east-2.amazonaws.com/bea.png,"[""Yes"", ""No""]","[""0"", ""1""]",3817.688096,True,True,0xb643d90750A90EAF6b6CE2304f2B54434cAFd27e,2023-04-24T19:08:02.371Z,2023-04-28T12:35:41.818Z,2023-04-27 14:33:35+00,False,False,0x91430CaD2d3975766499717fA0D66A78D814E5c5,False,0x6A9D222616C90FcA5754cd1333cFD9b7fb6a4F74,True,2.5%+,2,0x898c592aa182347430215f681274dfa6fe2ba34e860e87927559bbc95b3c9f02,2023-04-27 14:33:35+00,True,0.01,15,resolved,3817.69,True,0.0,0.0,0.0,"[""26005592608097290511618522220205731503687994200410232493421017394154516007788"", ""21365875344325162321520498460862032116735842841123029272783752438190372354158""]",1500.0,5.0,True,0.0,0.0,0.0,0.0,0.0,0.0,3817.69,,,False,False,False,False,True,,0,0.0,1.0,0.0,0.0,0.0,0.0,0.0,0.0,0.0,1.0,True,False,False,[],False,False,False,False,False,False,,3817.69,0.0,2023-04-26,2023-04-24,,,,,,,,,,,,0.0,0.0,0.0,0.0,0.0,0.0,0.0,2e+16,normal,,False,,,,,False,0.0,0.0,,0.0,,,,,GDP_QUARTERLY
250581,GDP_GROWTH,Did US GDP grow 0.0% or more in Q2 2023?,0x60feaba426477d64af4883a5a7de3648281b0c8db4c56ed9cd48f92d8a3208dd,us-gdp-growth-in-q2-2023,https://www.bea.gov/data/gdp/gross-domestic-product,2023-07-26,2023-05-03T20:56:27.818Z,https://polymarket-upload.s3.us-east-2.amazonaws.com/bea.png,https://polymarket-upload.s3.us-east-2.amazonaws.com/bea.png,"[""Yes"", ""No""]","[""1"", ""0""]",2970.491816,True,True,0xC5Dd7B97C59E0DF7c6c7f9B5596a9433C7f2a1D5,2023-04-28T20:35:03.188Z,2023-07-27T14:36:35.59Z,2023-07-27 14:33:09+00,False,False,0x91430CaD2d3975766499717fA0D66A78D814E5c5,False,0x6A9D222616C90FcA5754cd1333cFD9b7fb6a4F74,True,0.0%+,1,0x965ecccefc11d11cd34450f3fb9080721b7eeb23ca98882f965232d00a927407,2023-07-27 14:33:09+00,True,0.01,15,resolved,2970.49,True,0.0,0.0,0.0,"[""12001403067729418156036314449688081025577382215465215126554039464431542825984"", ""26744300388090761897213793919929400252673426847203055434772993562454137444427""]",500.0,5.0,True,0.0,0.0,0.0,0.0,0.0,0.0,2970.49,,,False,False,False,False,True,,0,0.0,1.0,0.0,0.0,0.0,0.0,0.0,0.0,0.0,1.0,True,False,False,[],False,False,False,False,False,False,,2970.49,0.0,2023-07-26,,,,,,,,,,,,,85.0,85.0,0.0,0.0,0.0,0.0,0.0,2e+16,normal,,False,,,,,False,0.0,0.0,,0.0,,,,,GDP_QUARTERLY
250582,GDP_GROWTH,Did US GDP grow 1.0% or more in Q2 2023?,0x2e43798616b93ccda73a335bda3ecab645fd7023464ce5ee777349d0f9ed60d6,us-gdp-growth-in-q2-2023,https://www.bea.gov/data/gdp/gross-domestic-product,2023-07-26,2023-05-03T20:56:32.499Z,https://polymarket-upload.s3.us-east-2.amazonaws.com/bea.png,https://polymarket-upload.s3.us-east-2.amazonaws.com/bea.png,"[""Yes"", ""No""]","[""1"", ""0""]",596.980951,True,True,0xc060BBcd9b29E10D2f41cce4D88eC3Bc8d3bc12C,2023-04-28T20:35:03.217Z,2023-07-28T03:40:38.417Z,2023-07-27 14:47:29+00,False,False,0x91430CaD2d3975766499717fA0D66A78D814E5c5,False,0x6A9D222616C90FcA5754cd1333cFD9b7fb6a4F74,True,1.0%+,2,0x68ec87f3df89315ab65e61f0e1169c8ff326bc5c54707cf6e48ea1a33e823fe1,2023-07-27 14:47:29+00,True,0.01,15,resolved,596.98,True,0.0,0.0,0.0,"[""79032987154421462895038101422470342055593365377363352657453153379764095362061"", ""73494035061846753064842342455350662534603467857605084306659533515138990898324""]",500.0,5.0,True,0.0,0.0,0.0,0.0,0.0,0.0,596.98,,,False,False,False,False,True,,0,0.0,1.0,0.0,0.0,0.0,0.0,0.0,0.0,0.0,1.0,True,False,False,[],False,False,False,False,False,False,,596.98,0.0,2023-07-26,,,,,,,,,,,,,0.0,0.0,0.0,0.0,0.0,0.0,0.0,2e+16,normal,,False,,,,,False,0.0,0.0,,0.0,,,,,GDP_QUARTERLY
250583,GDP_GROWTH,Did US GDP grow 2.0% or more in Q2 2023?,0xd107f78767fb568db20da8d856b081f3190f8fdfd990a3ea419c5c6b9e2be5d2,us-gdp-growth-in-q2-2023,https://www.bea.gov/data/gdp/gross-domestic-product,2023-07-26,2023-05-03T20:56:39.043Z,https://polymarket-upload.s3.us-east-2.amazonaws.com/bea.png,https://polymarket-upload.s3.us-east-2.amazonaws.com/bea.png,"[""Yes"", ""No""]","[""1"", ""0""]",591.995488,True,True,0x34bC6d34A6Aa5b83B33297cC335A76787c2C65bF,2023-04-28T20:35:03.223Z,2023-07-28T03:28:37.438Z,2023-07-27 14:32:53+00,False,False,0x91430CaD2d3975766499717fA0D66A78D814E5c5,False,0x6A9D222616C90FcA5754cd1333cFD9b7fb6a4F74,True,2.0%+,3,0x72d7ea66321afe364d8224bad51b02833d6d9a1ab6682583dcaffd09d672e31d,2023-07-27 14:32:53+00,True,0.01,15,resolved,592.0,True,0.0,0.0,0.0,"[""43801585749952076237769990830303535048479231517346590089513443283681179033109"", ""57746650837399599604794602718092370793391507304054994096932442774564168461897""]",500.0,5.0,True,0.0,0.0,0.0,0.0,0.0,0.0,589.6,,,False,False,False,False,True,,0,0.0,1.0,0.0,0.0,0.0,0.0,0.0,0.0,0.0,1.0,True,False,False,[],False,False,False,False,False,False,,592.0,1.0,2023-07-26,,,,,,,,,,,,,1.0,1.0,1.0,0.0,0.0,0.0,0.0,2e+16,normal,,False,,,,,False,0.0,2.4,,0.0,,,,,GDP_QUARTERLY
