column,dtype,n_nonnan
Date,"datetime64[ns, UTC]",13955
SPY_chg,float64,2788
QQQ_chg,float64,2788
Gold_chg,float64,9168
Oil_chg,float64,9059
DXY_chg,float64,9540
BTC_chg,float64,13766
VIX_chg,float64,5692
SP500_fut_chg,float64,9155
US2Y_chg,float64,9103
US10Y_chg,float64,2800
is_weekend,int64,13955
hour_utc,int64,13955
dow_utc,int64,13955
Ann_CPI,int64,13955
Ann_Employment,int64,13955
Ann_FOMC,int64,13955
Ann_GDP,int64,13955
FED_DELTA,float64,13955
GDP_DELTA,float64,13955
UNEMPLOYMENT_DELTA,float64,13955
INF_MONTHLY_DELTA,float64,13955
fed_market_start,int64,13955
fed_market_end,int64,13955
gdp_market_start,int64,13955
gdp_market_end,int64,13955
labor_market_start,int64,13955
labor_market_end,int64,13955
inf_monthly_market_start,int64,13955
inf_monthly_market_end,int64,13955
FED_DELTA_is_missing,int64,13955
GDP_DELTA_is_missing,int64,13955
UNEMPLOYMENT_DELTA_is_missing,int64,13955
INF_MONTHLY_DELTA_is_missing,int64,13955
