event,pm,asset,n_events,beta,pval_hc3
Ann_FOMC,FED_DELTA,BTC,13,0.005983,0.5229
Ann_FOMC,FED_DELTA,Gold,13,0.010653,0.0942
Ann_FOMC,FED_DELTA,Oil,13,0.001964,0.836
Ann_FOMC,FED_DELTA,SPY,13,-0.00014,0.9816
Ann_FOMC,FED_DELTA,QQQ,13,0.00112,0.9009
Ann_FOMC,FED_DELTA,SP500_fut,13,0.006744,0.1194
Ann_CPI,INF_MONTHLY_DELTA,BTC,18,0.740621,0.1457
Ann_CPI,INF_MONTHLY_DELTA,Gold,18,0.088126,0.7359
Ann_CPI,INF_MONTHLY_DELTA,Oil,18,0.401852,0.2494
Ann_CPI,INF_MONTHLY_DELTA,SPY,18,-0.2912,0.4195
Ann_CPI,INF_MONTHLY_DELTA,QQQ,18,-0.38044,0.4134
Ann_CPI,INF_MONTHLY_DELTA,SP500_fut,18,0.1066,0.662
Ann_Employment,UNEMPLOYMENT_DELTA,BTC,19,0.085812,0.8545
Ann_Employment,UNEMPLOYMENT_DELTA,Gold,18,-0.449674,0.2041
Ann_Employment,UNEMPLOYMENT_DELTA,Oil,18,0.315065,0.5425
Ann_Employment,UNEMPLOYMENT_DELTA,SPY,18,0.266259,0.4672
Ann_Employment,UNEMPLOYMENT_DELTA,QQQ,18,0.198422,0.6339
Ann_Employment,UNEMPLOYMENT_DELTA,SP500_fut,18,0.010507,0.9459
Ann_GDP,GDP_DELTA,BTC,18,-0.025837,0.2332
Ann_GDP,GDP_DELTA,Gold,18,0.000655,0.9834
Ann_GDP,GDP_DELTA,Oil,18,-0.031788,0.5482
Ann_GDP,GDP_DELTA,SPY,18,-0.016503,0.5461
Ann_GDP,GDP_DELTA,QQQ,18,-0.02604,0.4864
Ann_GDP,GDP_DELTA,SP500_fut,18,-0.002021,0.8909
