pm,asset,h,n_trades,mean_ret,cumulative_ret,gross_sharpe,net_sharpe,max_drawdown,dir_accuracy,binom_p
FED_DELTA,BTC,2,1029,-7.088406805819335e-05,-0.07293970603188096,-0.7936729131223755,-1.9133503453922023,-0.3936500094436205,0.4975704567541302,0.5741811569972144
GDP_DELTA,BTC,4,735,-0.00019907184121360696,-0.14631780329200111,-1.7328932803943577,-2.6033796685394988,-0.33689516745126,0.4857142857142857,0.7914465323570897
INF_MONTHLY_DELTA,BTC,4,703,0.0004514153633261333,0.31734500041827174,3.8897263622406704,3.0280529062066837,-0.1315228551527024,0.4992887624466572,0.5300607289763624
FED_DELTA,Gold,2,705,-0.00019530684282054989,-0.13769132418848767,-3.259973017381022,-4.929127548938486,-0.18133460872332519,0.4851063829787234,0.7963167854009102
GDP_DELTA,Gold,6,351,-0.0001998679356293678,-0.0701536454059081,-1.9876186170526857,-2.982084593195301,-0.26707919559551796,0.4985754985754986,0.5424971966348116
GDP_DELTA,Oil,3,506,1.8185614348138072e-05,0.009201920860157864,0.10019815757342879,-1.0017515006044655,-0.34232080185368796,0.5079051383399209,0.37784651747078435
UNEMPLOYMENT_DELTA,Oil,5,293,-0.00013456671143638634,-0.0394280464508612,-0.7661443062330594,-1.9048275631174911,-0.198039676843005,0.4778156996587031,0.7932673259508272
INF_MONTHLY_DELTA,Oil,1,680,-3.0704020873612544e-06,-0.002087873419405653,-0.03477382844500082,-2.2998731513083412,-0.15476956302068579,0.49264705882352944,0.6634101673056221
FED_DELTA,SPY,3,230,0.00044854472979793833,0.10316528785352581,4.632194820599941,2.566762094331296,-0.11624503340852053,0.4826086956521739,0.723510391627449
UNEMPLOYMENT_DELTA,SPY,1,207,0.00024114418150435955,0.04991684557140243,3.5118917432318613,0.5992013176755048,-0.060886828048693525,0.5217391304347826,0.2891456876578838
FED_DELTA,QQQ,2,297,-0.0005192776052819151,-0.1542254487687288,-5.85441544474095,-8.109246150009897,-0.32686132444426164,0.4377104377104377,0.9863564257910249
UNEMPLOYMENT_DELTA,QQQ,1,207,0.000307472908123604,0.06364689198158603,3.521805838558869,1.230998586595646,-0.06756236974337543,0.5024154589371981,0.500000000000001
FED_DELTA,SP500_fut,2,702,-0.00020019950226145625,-0.1405400505875423,-4.264766227963602,-6.395024385345985,-0.1495826109283109,0.4515669515669516,0.9954200865155755
UNEMPLOYMENT_DELTA,SP500_fut,1,515,-0.00021595538853083624,-0.11121702509338066,-6.549923925689325,-9.582922532600245,-0.15745641100344937,0.4815533980582524,0.8109149806281233
