pm_signal,asset,h,n,beta_pm,p_hc3,r,mean_dir,p_dir
FED_DELTA,Gold_chg,2,838,-0.00018253062427136803,0.07394026599204565,-0.04967085804903627,-4.2399957256796235e-05,0.6939069974381478
FED_DELTA,SPY_chg,3,369,0.0009538752461005778,0.04475149487184077,0.14300644928392964,0.0005697358662469969,0.017287975716260354
GDP_DELTA,Gold_chg,6,706,-0.0010816054422756486,0.0516201740224174,-0.0510609249417436,-4.2398334208571065e-05,0.7537585818033403
GDP_DELTA,BTC_chg,4,1017,0.0010200523236767265,0.08263837310529781,0.041644639604724774,0.00013624694677526818,0.3188055879701601
GDP_DELTA,Oil_chg,2,708,0.0016885904397265059,0.07403074830167261,0.03746148855854,7.804394958324061e-05,0.7907983351000596
GDP_DELTA,Oil_chg,3,700,-0.0010252880122587587,0.09834794711525373,-0.03260770640972446,-0.0001992505821491064,0.33877228295029904
GDP_DELTA,Oil_chg,6,699,0.0017884273368094395,0.0780066036914961,0.042812654968496046,0.00014782557479534,0.58274143338592
UNEMPLOYMENT_DELTA,SPY_chg,1,209,-0.040319932153332544,0.08556942733925121,-0.14237385736819572,0.00022473186527731447,0.5427215699102321
UNEMPLOYMENT_DELTA,Oil_chg,5,518,-0.06567097040072303,0.06913842099159352,-0.0906604822610923,-0.0006315711806458715,0.05446404417605663
INF_MONTHLY_DELTA,BTC_chg,4,973,0.01495252856023038,0.09839306725408316,0.06815578112580428,0.00026352388522475194,0.05756068356001686
