asset,pm_signal,peak_lag_dlm,beta_at_peak,p_at_peak
BTC,FED_DELTA,2,0.0010803,0.0208
BTC,UNEMPLOYMENT_DELTA,1,-0.0373632,0.0437
Gold,GDP_DELTA,6,0.0026918,0.0641
Gold,INF_MONTHLY_DELTA,1,-0.0131273,0.0291
Oil,FED_DELTA,1,0.0008456,0.0638
Oil,GDP_DELTA,6,0.0054623,0.0083
Oil,UNEMPLOYMENT_DELTA,4,-0.0435775,0.0212
Oil,INF_MONTHLY_DELTA,6,-0.0569917,0.0124
SPY,FED_DELTA,2,0.0008093,0.0188
SPY,UNEMPLOYMENT_DELTA,2,0.0108906,0.0199
SPY,INF_MONTHLY_DELTA,3,-0.0210845,0.0913
QQQ,FED_DELTA,2,0.0010216,0.0082
QQQ,UNEMPLOYMENT_DELTA,2,0.0160176,0.0022
QQQ,INF_MONTHLY_DELTA,3,-0.02351,0.0843
SP500_fut,FED_DELTA,6,0.0008794,0.0195
SP500_fut,GDP_DELTA,6,0.0018298,0.0477
SP500_fut,INF_MONTHLY_DELTA,5,0.0104033,0.0803
