pm_signal,asset,h,n_panel,n_oos,DA_OOS_LGBM,DA_OOS_OLS,DA_random,p_binom_vs_random,p_mcnemar_vs_ols,lgbm_beats_ols,lgbm_beats_random
FED_DELTA,Gold_chg,2,706,423,0.5106382978723404,0.4716312056737589,0.5,0.3486720975518018,0.2952910307450599,1,0
FED_DELTA,BTC_chg,1,827,495,0.5151515151515151,0.48787878787878786,0.5,0.2646126963606425,0.2262177555113773,1,0
FED_DELTA,Oil_chg,1,726,435,0.4896551724137931,0.4896551724137931,0.5,0.6841701997269718,0.4457736301231238,0,0
GDP_DELTA,Gold_chg,6,565,339,0.5103244837758112,0.48672566371681414,0.5,0.37228658083222615,0.14422787449538257,1,0
GDP_DELTA,BTC_chg,4,706,423,0.5011820330969267,0.5035460992907801,0.5,0.5000000000000001,0.7332275531845769,0,0
GDP_DELTA,Oil_chg,3,587,351,0.5128205128205128,0.49145299145299143,0.5,0.3347169428965112,0.3182228888558391,1,0
UNEMPLOYMENT_DELTA,Gold_chg,1,437,174,0.47701149425287354,0.4827586206896552,0.5,0.7524155708557808,0.6328289834850767,0,0
UNEMPLOYMENT_DELTA,BTC_chg,1,519,309,0.540453074433657,0.4854368932038835,0.5,0.08602760688993423,0.05912005523488036,1,0
UNEMPLOYMENT_DELTA,Oil_chg,5,428,170,0.37058823529411766,0.5147058823529411,0.5,0.9997400462935404,0.9946812560609262,0,0
INF_MONTHLY_DELTA,Gold_chg,1,583,348,0.5086206896551724,0.4676724137931034,0.5,0.39436186120632305,0.295742294444987,1,0
INF_MONTHLY_DELTA,BTC_chg,4,661,396,0.5252525252525253,0.5246212121212122,0.5,0.16984764679218714,0.7438217615452405,1,0
INF_MONTHLY_DELTA,Oil_chg,1,571,342,0.5146198830409356,0.4956140350877193,0.5,0.313280388528528,0.27157991973867374,1,0
