pm_signal,asset,h,rank,feature,importance
FED_DELTA,BTC_chg,1,1,pm_delta,231.0
FED_DELTA,BTC_chg,1,2,pm_vol,198.66666666666666
FED_DELTA,BTC_chg,1,3,DXY_chg_L1,194.33333333333334
FED_DELTA,BTC_chg,1,4,BTC_chg_vol20,189.66666666666666
FED_DELTA,BTC_chg,1,5,US2Y_chg_L1,189.33333333333334
FED_DELTA,Gold_chg,2,1,Gold_chg_vol20,219.0
FED_DELTA,Gold_chg,2,2,US2Y_chg_L1,200.0
FED_DELTA,Gold_chg,2,3,DXY_chg_L1,188.0
FED_DELTA,Gold_chg,2,4,pm_z,174.0
FED_DELTA,Gold_chg,2,5,pm_delta,166.0
FED_DELTA,Oil_chg,1,1,Oil_chg_vol20,264.0
FED_DELTA,Oil_chg,1,2,US2Y_chg_L1,198.0
FED_DELTA,Oil_chg,1,3,DXY_chg_L1,174.0
FED_DELTA,Oil_chg,1,4,pm_vol,169.33333333333334
FED_DELTA,Oil_chg,1,5,pm_z,156.0
GDP_DELTA,BTC_chg,4,1,DXY_chg_L1,212.66666666666666
GDP_DELTA,BTC_chg,4,2,US2Y_chg_L1,207.33333333333334
GDP_DELTA,BTC_chg,4,3,pm_vol,198.66666666666666
GDP_DELTA,BTC_chg,4,4,BTC_chg_vol20,181.33333333333334
GDP_DELTA,BTC_chg,4,5,pm_z,174.0
GDP_DELTA,Gold_chg,6,1,Gold_chg_vol20,303.6666666666667
GDP_DELTA,Gold_chg,6,2,US2Y_chg_L1,211.0
GDP_DELTA,Gold_chg,6,3,DXY_chg_L1,197.33333333333334
GDP_DELTA,Gold_chg,6,4,pm_delta,164.0
GDP_DELTA,Gold_chg,6,5,pm_vol,141.66666666666666
GDP_DELTA,Oil_chg,2,1,Oil_chg_vol20,245.0
GDP_DELTA,Oil_chg,2,2,DXY_chg_L1,232.0
GDP_DELTA,Oil_chg,2,3,US2Y_chg_L1,193.33333333333334
GDP_DELTA,Oil_chg,2,4,pm_delta,190.66666666666666
GDP_DELTA,Oil_chg,2,5,pm_z,165.0
INF_MONTHLY_DELTA,BTC_chg,4,1,US2Y_chg_L1,201.66666666666666
INF_MONTHLY_DELTA,BTC_chg,4,2,BTC_chg_vol20,199.66666666666666
INF_MONTHLY_DELTA,BTC_chg,4,3,pm_z,197.66666666666666
INF_MONTHLY_DELTA,BTC_chg,4,4,DXY_chg_L1,187.33333333333334
INF_MONTHLY_DELTA,BTC_chg,4,5,pm_delta,181.66666666666666
INF_MONTHLY_DELTA,Gold_chg,1,1,Gold_chg_vol20,243.33333333333334
INF_MONTHLY_DELTA,Gold_chg,1,2,DXY_chg_L1,217.33333333333334
INF_MONTHLY_DELTA,Gold_chg,1,3,pm_z,188.0
INF_MONTHLY_DELTA,Gold_chg,1,4,US2Y_chg_L1,172.33333333333334
INF_MONTHLY_DELTA,Gold_chg,1,5,pm_vol,155.0
INF_MONTHLY_DELTA,Oil_chg,1,1,US2Y_chg_L1,318.6666666666667
INF_MONTHLY_DELTA,Oil_chg,1,2,DXY_chg_L1,250.0
INF_MONTHLY_DELTA,Oil_chg,1,3,Oil_chg_vol20,243.33333333333334
INF_MONTHLY_DELTA,Oil_chg,1,4,pm_vol,150.66666666666666
INF_MONTHLY_DELTA,Oil_chg,1,5,pm_z,133.33333333333334
UNEMPLOYMENT_DELTA,BTC_chg,1,1,US2Y_chg_L1,314.6666666666667
UNEMPLOYMENT_DELTA,BTC_chg,1,2,DXY_chg_L1,213.0
UNEMPLOYMENT_DELTA,BTC_chg,1,3,BTC_chg_vol20,173.0
UNEMPLOYMENT_DELTA,BTC_chg,1,4,pm_z,160.66666666666666
UNEMPLOYMENT_DELTA,BTC_chg,1,5,pm_delta,146.33333333333334
UNEMPLOYMENT_DELTA,Gold_chg,1,1,Gold_chg_vol20,211.0
UNEMPLOYMENT_DELTA,Gold_chg,1,2,DXY_chg_L1,204.0
UNEMPLOYMENT_DELTA,Gold_chg,1,3,pm_z,203.5
UNEMPLOYMENT_DELTA,Gold_chg,1,4,pm_delta,182.5
UNEMPLOYMENT_DELTA,Gold_chg,1,5,pm_vol,166.5
UNEMPLOYMENT_DELTA,Oil_chg,5,1,pm_delta,269.5
UNEMPLOYMENT_DELTA,Oil_chg,5,2,pm_vol,199.5
UNEMPLOYMENT_DELTA,Oil_chg,5,3,Oil_chg_vol20,192.0
UNEMPLOYMENT_DELTA,Oil_chg,5,4,DXY_chg_L1,184.0
UNEMPLOYMENT_DELTA,Oil_chg,5,5,US2Y_chg_L1,155.5
